,hidden_layer_sizes,activation,solver,alpha,learning_rate,max_iter,random_state,num_features,selected_features,r2_train,rmse_train,r2_val,rmse_val,r2_adj
294,"(150, 100, 50, 25, 10, 5)",relu,adam,0.05,adaptive,200,42,8,"['rdvi_skewness', 'ref_q3_3', 'tex_cont_cv_2', 'tex_cont_q3_4', 'tex_homo_cv_4', 'tex_homo_kurtosis_4', 'tex_dis_cv_1', 'tex_mean_q3_1']",0.9088292293184032,0.06409833168573958,0.8659366214252837,0.08242863701984754,0.8630457669007615
295,"(150, 100, 50, 25, 10, 5)",relu,adam,0.05,adaptive,500,42,8,"['rdvi_skewness', 'ref_q3_3', 'tex_cont_cv_2', 'tex_cont_q3_4', 'tex_homo_cv_4', 'tex_homo_kurtosis_4', 'tex_dis_cv_1', 'tex_mean_q3_1']",0.9088292293184032,0.06409833168573958,0.8659366214252837,0.08242863701984754,0.8630457669007615
292,"(150, 100, 50, 25, 10, 5)",relu,adam,0.05,constant,200,42,8,"['rdvi_skewness', 'ref_q3_3', 'tex_cont_cv_2', 'tex_cont_q3_4', 'tex_homo_cv_4', 'tex_homo_kurtosis_4', 'tex_dis_cv_1', 'tex_mean_q3_1']",0.9088292293184032,0.06409833168573958,0.8659366214252837,0.08242863701984754,0.8630457669007615
293,"(150, 100, 50, 25, 10, 5)",relu,adam,0.05,constant,500,42,8,"['rdvi_skewness', 'ref_q3_3', 'tex_cont_cv_2', 'tex_cont_q3_4', 'tex_homo_cv_4', 'tex_homo_kurtosis_4', 'tex_dis_cv_1', 'tex_mean_q3_1']",0.9088292293184032,0.06409833168573958,0.8659366214252837,0.08242863701984754,0.8630457669007615
297,"(150, 100, 50, 25, 10, 5)",relu,adam,0.01,constant,500,42,8,"['rdvi_skewness', 'ref_q3_3', 'tex_cont_cv_2', 'tex_cont_q3_4', 'tex_homo_cv_4', 'tex_homo_kurtosis_4', 'tex_dis_cv_1', 'tex_mean_q3_1']",0.8516463640481178,0.08176510720379737,0.8524183474962246,0.0864846880370808,0.8492359938034209
298,"(150, 100, 50, 25, 10, 5)",relu,adam,0.01,adaptive,200,42,8,"['rdvi_skewness', 'ref_q3_3', 'tex_cont_cv_2', 'tex_cont_q3_4', 'tex_homo_cv_4', 'tex_homo_kurtosis_4', 'tex_dis_cv_1', 'tex_mean_q3_1']",0.8516463640481178,0.08176510720379737,0.8524183474962246,0.0864846880370808,0.8492359938034209
299,"(150, 100, 50, 25, 10, 5)",relu,adam,0.01,adaptive,500,42,8,"['rdvi_skewness', 'ref_q3_3', 'tex_cont_cv_2', 'tex_cont_q3_4', 'tex_homo_cv_4', 'tex_homo_kurtosis_4', 'tex_dis_cv_1', 'tex_mean_q3_1']",0.8516463640481178,0.08176510720379737,0.8524183474962246,0.0864846880370808,0.8492359938034209
296,"(150, 100, 50, 25, 10, 5)",relu,adam,0.01,constant,200,42,8,"['rdvi_skewness', 'ref_q3_3', 'tex_cont_cv_2', 'tex_cont_q3_4', 'tex_homo_cv_4', 'tex_homo_kurtosis_4', 'tex_dis_cv_1', 'tex_mean_q3_1']",0.8516463640481178,0.08176510720379737,0.8524183474962246,0.0864846880370808,0.8492359938034209
282,"(150, 100, 50, 25, 10, 5)",relu,adam,0.0001,adaptive,200,42,8,"['rdvi_skewness', 'ref_q3_3', 'tex_cont_cv_2', 'tex_cont_q3_4', 'tex_homo_cv_4', 'tex_homo_kurtosis_4', 'tex_dis_cv_1', 'tex_mean_q3_1']",0.8531111220826698,0.08136045520204499,0.8512320038328336,0.08683159835537461,0.8480240686055093
281,"(150, 100, 50, 25, 10, 5)",relu,adam,0.0001,constant,500,42,8,"['rdvi_skewness', 'ref_q3_3', 'tex_cont_cv_2', 'tex_cont_q3_4', 'tex_homo_cv_4', 'tex_homo_kurtosis_4', 'tex_dis_cv_1', 'tex_mean_q3_1']",0.8531111220826698,0.08136045520204499,0.8512320038328336,0.08683159835537461,0.8480240686055093
280,"(150, 100, 50, 25, 10, 5)",relu,adam,0.0001,constant,200,42,8,"['rdvi_skewness', 'ref_q3_3', 'tex_cont_cv_2', 'tex_cont_q3_4', 'tex_homo_cv_4', 'tex_homo_kurtosis_4', 'tex_dis_cv_1', 'tex_mean_q3_1']",0.8531111220826698,0.08136045520204499,0.8512320038328336,0.08683159835537461,0.8480240686055093
283,"(150, 100, 50, 25, 10, 5)",relu,adam,0.0001,adaptive,500,42,8,"['rdvi_skewness', 'ref_q3_3', 'tex_cont_cv_2', 'tex_cont_q3_4', 'tex_homo_cv_4', 'tex_homo_kurtosis_4', 'tex_dis_cv_1', 'tex_mean_q3_1']",0.8531111220826698,0.08136045520204499,0.8512320038328336,0.08683159835537461,0.8480240686055093
284,"(150, 100, 50, 25, 10, 5)",relu,adam,0.005,constant,200,42,8,"['rdvi_skewness', 'ref_q3_3', 'tex_cont_cv_2', 'tex_cont_q3_4', 'tex_homo_cv_4', 'tex_homo_kurtosis_4', 'tex_dis_cv_1', 'tex_mean_q3_1']",0.8501857914017317,0.08216661869377426,0.8507022508791021,0.08698606174645762,0.8474828924074924
285,"(150, 100, 50, 25, 10, 5)",relu,adam,0.005,constant,500,42,8,"['rdvi_skewness', 'ref_q3_3', 'tex_cont_cv_2', 'tex_cont_q3_4', 'tex_homo_cv_4', 'tex_homo_kurtosis_4', 'tex_dis_cv_1', 'tex_mean_q3_1']",0.8501857914017317,0.08216661869377426,0.8507022508791021,0.08698606174645762,0.8474828924074924
286,"(150, 100, 50, 25, 10, 5)",relu,adam,0.005,adaptive,200,42,8,"['rdvi_skewness', 'ref_q3_3', 'tex_cont_cv_2', 'tex_cont_q3_4', 'tex_homo_cv_4', 'tex_homo_kurtosis_4', 'tex_dis_cv_1', 'tex_mean_q3_1']",0.8501857914017317,0.08216661869377426,0.8507022508791021,0.08698606174645762,0.8474828924074924
287,"(150, 100, 50, 25, 10, 5)",relu,adam,0.005,adaptive,500,42,8,"['rdvi_skewness', 'ref_q3_3', 'tex_cont_cv_2', 'tex_cont_q3_4', 'tex_homo_cv_4', 'tex_homo_kurtosis_4', 'tex_dis_cv_1', 'tex_mean_q3_1']",0.8501857914017317,0.08216661869377426,0.8507022508791021,0.08698606174645762,0.8474828924074924
289,"(150, 100, 50, 25, 10, 5)",relu,adam,0.001,constant,500,42,8,"['rdvi_skewness', 'ref_q3_3', 'tex_cont_cv_2', 'tex_cont_q3_4', 'tex_homo_cv_4', 'tex_homo_kurtosis_4', 'tex_dis_cv_1', 'tex_mean_q3_1']",0.8404452503653428,0.08479569059547108,0.84728632396287,0.08797555279597764,0.8439933066898322
288,"(150, 100, 50, 25, 10, 5)",relu,adam,0.001,constant,200,42,8,"['rdvi_skewness', 'ref_q3_3', 'tex_cont_cv_2', 'tex_cont_q3_4', 'tex_homo_cv_4', 'tex_homo_kurtosis_4', 'tex_dis_cv_1', 'tex_mean_q3_1']",0.8404452503653428,0.08479569059547108,0.84728632396287,0.08797555279597764,0.8439933066898322
291,"(150, 100, 50, 25, 10, 5)",relu,adam,0.001,adaptive,500,42,8,"['rdvi_skewness', 'ref_q3_3', 'tex_cont_cv_2', 'tex_cont_q3_4', 'tex_homo_cv_4', 'tex_homo_kurtosis_4', 'tex_dis_cv_1', 'tex_mean_q3_1']",0.8404452503653428,0.08479569059547108,0.84728632396287,0.08797555279597764,0.8439933066898322
290,"(150, 100, 50, 25, 10, 5)",relu,adam,0.001,adaptive,200,42,8,"['rdvi_skewness', 'ref_q3_3', 'tex_cont_cv_2', 'tex_cont_q3_4', 'tex_homo_cv_4', 'tex_homo_kurtosis_4', 'tex_dis_cv_1', 'tex_mean_q3_1']",0.8404452503653428,0.08479569059547108,0.84728632396287,0.08797555279597764,0.8439933066898322
195,"(50, 25, 10, 5)",tanh,adam,0.05,adaptive,500,42,8,"['rdvi_skewness', 'ref_q3_3', 'tex_cont_cv_2', 'tex_cont_q3_4', 'tex_homo_cv_4', 'tex_homo_kurtosis_4', 'tex_dis_cv_1', 'tex_mean_q3_1']",0.7911996795266978,0.09700284984003937,0.8439132656579921,0.08894182487869699,0.8405475139740674
194,"(50, 25, 10, 5)",tanh,adam,0.05,adaptive,200,42,8,"['rdvi_skewness', 'ref_q3_3', 'tex_cont_cv_2', 'tex_cont_q3_4', 'tex_homo_cv_4', 'tex_homo_kurtosis_4', 'tex_dis_cv_1', 'tex_mean_q3_1']",0.7911996795266978,0.09700284984003937,0.8439132656579921,0.08894182487869699,0.8405475139740674
193,"(50, 25, 10, 5)",tanh,adam,0.05,constant,500,42,8,"['rdvi_skewness', 'ref_q3_3', 'tex_cont_cv_2', 'tex_cont_q3_4', 'tex_homo_cv_4', 'tex_homo_kurtosis_4', 'tex_dis_cv_1', 'tex_mean_q3_1']",0.7911996795266978,0.09700284984003937,0.8439132656579921,0.08894182487869699,0.8405475139740674
192,"(50, 25, 10, 5)",tanh,adam,0.05,constant,200,42,8,"['rdvi_skewness', 'ref_q3_3', 'tex_cont_cv_2', 'tex_cont_q3_4', 'tex_homo_cv_4', 'tex_homo_kurtosis_4', 'tex_dis_cv_1', 'tex_mean_q3_1']",0.7911996795266978,0.09700284984003937,0.8439132656579921,0.08894182487869699,0.8405475139740674
197,"(50, 25, 10, 5)",tanh,adam,0.01,constant,500,42,8,"['rdvi_skewness', 'ref_q3_3', 'tex_cont_cv_2', 'tex_cont_q3_4', 'tex_homo_cv_4', 'tex_homo_kurtosis_4', 'tex_dis_cv_1', 'tex_mean_q3_1']",0.7911800062117837,0.09700741957120244,0.8435011301818294,0.0890591696244764,0.8401264914795508
196,"(50, 25, 10, 5)",tanh,adam,0.01,constant,200,42,8,"['rdvi_skewness', 'ref_q3_3', 'tex_cont_cv_2', 'tex_cont_q3_4', 'tex_homo_cv_4', 'tex_homo_kurtosis_4', 'tex_dis_cv_1', 'tex_mean_q3_1']",0.7911800062117837,0.09700741957120244,0.8435011301818294,0.0890591696244764,0.8401264914795508
199,"(50, 25, 10, 5)",tanh,adam,0.01,adaptive,500,42,8,"['rdvi_skewness', 'ref_q3_3', 'tex_cont_cv_2', 'tex_cont_q3_4', 'tex_homo_cv_4', 'tex_homo_kurtosis_4', 'tex_dis_cv_1', 'tex_mean_q3_1']",0.7911800062117837,0.09700741957120244,0.8435011301818294,0.0890591696244764,0.8401264914795508
198,"(50, 25, 10, 5)",tanh,adam,0.01,adaptive,200,42,8,"['rdvi_skewness', 'ref_q3_3', 'tex_cont_cv_2', 'tex_cont_q3_4', 'tex_homo_cv_4', 'tex_homo_kurtosis_4', 'tex_dis_cv_1', 'tex_mean_q3_1']",0.7911800062117837,0.09700741957120244,0.8435011301818294,0.0890591696244764,0.8401264914795508
187,"(50, 25, 10, 5)",tanh,adam,0.005,adaptive,500,42,8,"['rdvi_skewness', 'ref_q3_3', 'tex_cont_cv_2', 'tex_cont_q3_4', 'tex_homo_cv_4', 'tex_homo_kurtosis_4', 'tex_dis_cv_1', 'tex_mean_q3_1']",0.7911858528197431,0.09700606153955263,0.8434508622466041,0.08907347152052382,0.8400751395996306
184,"(50, 25, 10, 5)",tanh,adam,0.005,constant,200,42,8,"['rdvi_skewness', 'ref_q3_3', 'tex_cont_cv_2', 'tex_cont_q3_4', 'tex_homo_cv_4', 'tex_homo_kurtosis_4', 'tex_dis_cv_1', 'tex_mean_q3_1']",0.7911858528197431,0.09700606153955263,0.8434508622466041,0.08907347152052382,0.8400751395996306
185,"(50, 25, 10, 5)",tanh,adam,0.005,constant,500,42,8,"['rdvi_skewness', 'ref_q3_3', 'tex_cont_cv_2', 'tex_cont_q3_4', 'tex_homo_cv_4', 'tex_homo_kurtosis_4', 'tex_dis_cv_1', 'tex_mean_q3_1']",0.7911858528197431,0.09700606153955263,0.8434508622466041,0.08907347152052382,0.8400751395996306
186,"(50, 25, 10, 5)",tanh,adam,0.005,adaptive,200,42,8,"['rdvi_skewness', 'ref_q3_3', 'tex_cont_cv_2', 'tex_cont_q3_4', 'tex_homo_cv_4', 'tex_homo_kurtosis_4', 'tex_dis_cv_1', 'tex_mean_q3_1']",0.7911858528197431,0.09700606153955263,0.8434508622466041,0.08907347152052382,0.8400751395996306
191,"(50, 25, 10, 5)",tanh,adam,0.001,adaptive,500,42,8,"['rdvi_skewness', 'ref_q3_3', 'tex_cont_cv_2', 'tex_cont_q3_4', 'tex_homo_cv_4', 'tex_homo_kurtosis_4', 'tex_dis_cv_1', 'tex_mean_q3_1']",0.7911816927658089,0.09700702782570592,0.8434060894512783,0.08908620804294134,0.8400294013531926
190,"(50, 25, 10, 5)",tanh,adam,0.001,adaptive,200,42,8,"['rdvi_skewness', 'ref_q3_3', 'tex_cont_cv_2', 'tex_cont_q3_4', 'tex_homo_cv_4', 'tex_homo_kurtosis_4', 'tex_dis_cv_1', 'tex_mean_q3_1']",0.7911816927658089,0.09700702782570592,0.8434060894512783,0.08908620804294134,0.8400294013531926
189,"(50, 25, 10, 5)",tanh,adam,0.001,constant,500,42,8,"['rdvi_skewness', 'ref_q3_3', 'tex_cont_cv_2', 'tex_cont_q3_4', 'tex_homo_cv_4', 'tex_homo_kurtosis_4', 'tex_dis_cv_1', 'tex_mean_q3_1']",0.7911816927658089,0.09700702782570592,0.8434060894512783,0.08908620804294134,0.8400294013531926
188,"(50, 25, 10, 5)",tanh,adam,0.001,constant,200,42,8,"['rdvi_skewness', 'ref_q3_3', 'tex_cont_cv_2', 'tex_cont_q3_4', 'tex_homo_cv_4', 'tex_homo_kurtosis_4', 'tex_dis_cv_1', 'tex_mean_q3_1']",0.7911816927658089,0.09700702782570592,0.8434060894512783,0.08908620804294134,0.8400294013531926
180,"(50, 25, 10, 5)",tanh,adam,0.0001,constant,200,42,8,"['rdvi_skewness', 'ref_q3_3', 'tex_cont_cv_2', 'tex_cont_q3_4', 'tex_homo_cv_4', 'tex_homo_kurtosis_4', 'tex_dis_cv_1', 'tex_mean_q3_1']",0.7911809870387608,0.09700719174913403,0.8433956705888581,0.0890891716368113,0.8400187578252756
181,"(50, 25, 10, 5)",tanh,adam,0.0001,constant,500,42,8,"['rdvi_skewness', 'ref_q3_3', 'tex_cont_cv_2', 'tex_cont_q3_4', 'tex_homo_cv_4', 'tex_homo_kurtosis_4', 'tex_dis_cv_1', 'tex_mean_q3_1']",0.7911809870387608,0.09700719174913403,0.8433956705888581,0.0890891716368113,0.8400187578252756
182,"(50, 25, 10, 5)",tanh,adam,0.0001,adaptive,200,42,8,"['rdvi_skewness', 'ref_q3_3', 'tex_cont_cv_2', 'tex_cont_q3_4', 'tex_homo_cv_4', 'tex_homo_kurtosis_4', 'tex_dis_cv_1', 'tex_mean_q3_1']",0.7911809870387608,0.09700719174913403,0.8433956705888581,0.0890891716368113,0.8400187578252756
183,"(50, 25, 10, 5)",tanh,adam,0.0001,adaptive,500,42,8,"['rdvi_skewness', 'ref_q3_3', 'tex_cont_cv_2', 'tex_cont_q3_4', 'tex_homo_cv_4', 'tex_homo_kurtosis_4', 'tex_dis_cv_1', 'tex_mean_q3_1']",0.7911809870387608,0.09700719174913403,0.8433956705888581,0.0890891716368113,0.8400187578252756
215,"(100, 50, 25, 10)",relu,adam,0.05,adaptive,500,42,8,"['rdvi_skewness', 'ref_q3_3', 'tex_cont_cv_2', 'tex_cont_q3_4', 'tex_homo_cv_4', 'tex_homo_kurtosis_4', 'tex_dis_cv_1', 'tex_mean_q3_1']",0.8627344155054766,0.07865018435800078,0.8432904437713031,0.08911909736049745,0.8399112619658325
212,"(100, 50, 25, 10)",relu,adam,0.05,constant,200,42,8,"['rdvi_skewness', 'ref_q3_3', 'tex_cont_cv_2', 'tex_cont_q3_4', 'tex_homo_cv_4', 'tex_homo_kurtosis_4', 'tex_dis_cv_1', 'tex_mean_q3_1']",0.8627344155054766,0.07865018435800078,0.8432904437713031,0.08911909736049745,0.8399112619658325
214,"(100, 50, 25, 10)",relu,adam,0.05,adaptive,200,42,8,"['rdvi_skewness', 'ref_q3_3', 'tex_cont_cv_2', 'tex_cont_q3_4', 'tex_homo_cv_4', 'tex_homo_kurtosis_4', 'tex_dis_cv_1', 'tex_mean_q3_1']",0.8627344155054766,0.07865018435800078,0.8432904437713031,0.08911909736049745,0.8399112619658325
213,"(100, 50, 25, 10)",relu,adam,0.05,constant,500,42,8,"['rdvi_skewness', 'ref_q3_3', 'tex_cont_cv_2', 'tex_cont_q3_4', 'tex_homo_cv_4', 'tex_homo_kurtosis_4', 'tex_dis_cv_1', 'tex_mean_q3_1']",0.8627344155054766,0.07865018435800078,0.8432904437713031,0.08911909736049745,0.8399112619658325
216,"(100, 50, 25, 10)",relu,adam,0.01,constant,200,42,8,"['rdvi_skewness', 'ref_q3_3', 'tex_cont_cv_2', 'tex_cont_q3_4', 'tex_homo_cv_4', 'tex_homo_kurtosis_4', 'tex_dis_cv_1', 'tex_mean_q3_1']",0.8152104100311868,0.0912552089837838,0.8214145230719099,0.0951362672904386,0.8175636232998755
217,"(100, 50, 25, 10)",relu,adam,0.01,constant,500,42,8,"['rdvi_skewness', 'ref_q3_3', 'tex_cont_cv_2', 'tex_cont_q3_4', 'tex_homo_cv_4', 'tex_homo_kurtosis_4', 'tex_dis_cv_1', 'tex_mean_q3_1']",0.8152104100311868,0.0912552089837838,0.8214145230719099,0.0951362672904386,0.8175636232998755
218,"(100, 50, 25, 10)",relu,adam,0.01,adaptive,200,42,8,"['rdvi_skewness', 'ref_q3_3', 'tex_cont_cv_2', 'tex_cont_q3_4', 'tex_homo_cv_4', 'tex_homo_kurtosis_4', 'tex_dis_cv_1', 'tex_mean_q3_1']",0.8152104100311868,0.0912552089837838,0.8214145230719099,0.0951362672904386,0.8175636232998755
219,"(100, 50, 25, 10)",relu,adam,0.01,adaptive,500,42,8,"['rdvi_skewness', 'ref_q3_3', 'tex_cont_cv_2', 'tex_cont_q3_4', 'tex_homo_cv_4', 'tex_homo_kurtosis_4', 'tex_dis_cv_1', 'tex_mean_q3_1']",0.8152104100311868,0.0912552089837838,0.8214145230719099,0.0951362672904386,0.8175636232998755
319,"(150, 100, 50, 25, 10, 5)",tanh,adam,0.01,adaptive,500,42,8,"['rdvi_skewness', 'ref_q3_3', 'tex_cont_cv_2', 'tex_cont_q3_4', 'tex_homo_cv_4', 'tex_homo_kurtosis_4', 'tex_dis_cv_1', 'tex_mean_q3_1']",0.790347016330597,0.097200709909724,0.8212705584598645,0.09517460606492917,0.817416554329619
318,"(150, 100, 50, 25, 10, 5)",tanh,adam,0.01,adaptive,200,42,8,"['rdvi_skewness', 'ref_q3_3', 'tex_cont_cv_2', 'tex_cont_q3_4', 'tex_homo_cv_4', 'tex_homo_kurtosis_4', 'tex_dis_cv_1', 'tex_mean_q3_1']",0.790347016330597,0.097200709909724,0.8212705584598645,0.09517460606492917,0.817416554329619
317,"(150, 100, 50, 25, 10, 5)",tanh,adam,0.01,constant,500,42,8,"['rdvi_skewness', 'ref_q3_3', 'tex_cont_cv_2', 'tex_cont_q3_4', 'tex_homo_cv_4', 'tex_homo_kurtosis_4', 'tex_dis_cv_1', 'tex_mean_q3_1']",0.790347016330597,0.097200709909724,0.8212705584598645,0.09517460606492917,0.817416554329619
316,"(150, 100, 50, 25, 10, 5)",tanh,adam,0.01,constant,200,42,8,"['rdvi_skewness', 'ref_q3_3', 'tex_cont_cv_2', 'tex_cont_q3_4', 'tex_homo_cv_4', 'tex_homo_kurtosis_4', 'tex_dis_cv_1', 'tex_mean_q3_1']",0.790347016330597,0.097200709909724,0.8212705584598645,0.09517460606492917,0.817416554329619
307,"(150, 100, 50, 25, 10, 5)",tanh,adam,0.005,adaptive,500,42,8,"['rdvi_skewness', 'ref_q3_3', 'tex_cont_cv_2', 'tex_cont_q3_4', 'tex_homo_cv_4', 'tex_homo_kurtosis_4', 'tex_dis_cv_1', 'tex_mean_q3_1']",0.7903849646552569,0.09719191258434924,0.8212314564503141,0.09518501653451725,0.8173766091500514
304,"(150, 100, 50, 25, 10, 5)",tanh,adam,0.005,constant,200,42,8,"['rdvi_skewness', 'ref_q3_3', 'tex_cont_cv_2', 'tex_cont_q3_4', 'tex_homo_cv_4', 'tex_homo_kurtosis_4', 'tex_dis_cv_1', 'tex_mean_q3_1']",0.7903849646552569,0.09719191258434924,0.8212314564503141,0.09518501653451725,0.8173766091500514
306,"(150, 100, 50, 25, 10, 5)",tanh,adam,0.005,adaptive,200,42,8,"['rdvi_skewness', 'ref_q3_3', 'tex_cont_cv_2', 'tex_cont_q3_4', 'tex_homo_cv_4', 'tex_homo_kurtosis_4', 'tex_dis_cv_1', 'tex_mean_q3_1']",0.7903849646552569,0.09719191258434924,0.8212314564503141,0.09518501653451725,0.8173766091500514
305,"(150, 100, 50, 25, 10, 5)",tanh,adam,0.005,constant,500,42,8,"['rdvi_skewness', 'ref_q3_3', 'tex_cont_cv_2', 'tex_cont_q3_4', 'tex_homo_cv_4', 'tex_homo_kurtosis_4', 'tex_dis_cv_1', 'tex_mean_q3_1']",0.7903849646552569,0.09719191258434924,0.8212314564503141,0.09518501653451725,0.8173766091500514
308,"(150, 100, 50, 25, 10, 5)",tanh,adam,0.001,constant,200,42,8,"['rdvi_skewness', 'ref_q3_3', 'tex_cont_cv_2', 'tex_cont_q3_4', 'tex_homo_cv_4', 'tex_homo_kurtosis_4', 'tex_dis_cv_1', 'tex_mean_q3_1']",0.7904135380250609,0.09718528807122397,0.8211977910094067,0.09519397866688076,0.8173422177697174
310,"(150, 100, 50, 25, 10, 5)",tanh,adam,0.001,adaptive,200,42,8,"['rdvi_skewness', 'ref_q3_3', 'tex_cont_cv_2', 'tex_cont_q3_4', 'tex_homo_cv_4', 'tex_homo_kurtosis_4', 'tex_dis_cv_1', 'tex_mean_q3_1']",0.7904135380250609,0.09718528807122397,0.8211977910094067,0.09519397866688076,0.8173422177697174
311,"(150, 100, 50, 25, 10, 5)",tanh,adam,0.001,adaptive,500,42,8,"['rdvi_skewness', 'ref_q3_3', 'tex_cont_cv_2', 'tex_cont_q3_4', 'tex_homo_cv_4', 'tex_homo_kurtosis_4', 'tex_dis_cv_1', 'tex_mean_q3_1']",0.7904135380250609,0.09718528807122397,0.8211977910094067,0.09519397866688076,0.8173422177697174
309,"(150, 100, 50, 25, 10, 5)",tanh,adam,0.001,constant,500,42,8,"['rdvi_skewness', 'ref_q3_3', 'tex_cont_cv_2', 'tex_cont_q3_4', 'tex_homo_cv_4', 'tex_homo_kurtosis_4', 'tex_dis_cv_1', 'tex_mean_q3_1']",0.7904135380250609,0.09718528807122397,0.8211977910094067,0.09519397866688076,0.8173422177697174
300,"(150, 100, 50, 25, 10, 5)",tanh,adam,0.0001,constant,200,42,8,"['rdvi_skewness', 'ref_q3_3', 'tex_cont_cv_2', 'tex_cont_q3_4', 'tex_homo_cv_4', 'tex_homo_kurtosis_4', 'tex_dis_cv_1', 'tex_mean_q3_1']",0.7904197429106264,0.09718384945718204,0.82118997552347,0.09519605911956629,0.817334233755782
302,"(150, 100, 50, 25, 10, 5)",tanh,adam,0.0001,adaptive,200,42,8,"['rdvi_skewness', 'ref_q3_3', 'tex_cont_cv_2', 'tex_cont_q3_4', 'tex_homo_cv_4', 'tex_homo_kurtosis_4', 'tex_dis_cv_1', 'tex_mean_q3_1']",0.7904197429106264,0.09718384945718204,0.82118997552347,0.09519605911956629,0.817334233755782
301,"(150, 100, 50, 25, 10, 5)",tanh,adam,0.0001,constant,500,42,8,"['rdvi_skewness', 'ref_q3_3', 'tex_cont_cv_2', 'tex_cont_q3_4', 'tex_homo_cv_4', 'tex_homo_kurtosis_4', 'tex_dis_cv_1', 'tex_mean_q3_1']",0.7904197429106264,0.09718384945718204,0.82118997552347,0.09519605911956629,0.817334233755782
303,"(150, 100, 50, 25, 10, 5)",tanh,adam,0.0001,adaptive,500,42,8,"['rdvi_skewness', 'ref_q3_3', 'tex_cont_cv_2', 'tex_cont_q3_4', 'tex_homo_cv_4', 'tex_homo_kurtosis_4', 'tex_dis_cv_1', 'tex_mean_q3_1']",0.7904197429106264,0.09718384945718204,0.82118997552347,0.09519605911956629,0.817334233755782
206,"(100, 50, 25, 10)",relu,adam,0.005,adaptive,200,42,8,"['rdvi_skewness', 'ref_q3_3', 'tex_cont_cv_2', 'tex_cont_q3_4', 'tex_homo_cv_4', 'tex_homo_kurtosis_4', 'tex_dis_cv_1', 'tex_mean_q3_1']",0.8147847584863529,0.09136024893309842,0.8192348722681227,0.0957150796153502,0.8153369719396726
207,"(100, 50, 25, 10)",relu,adam,0.005,adaptive,500,42,8,"['rdvi_skewness', 'ref_q3_3', 'tex_cont_cv_2', 'tex_cont_q3_4', 'tex_homo_cv_4', 'tex_homo_kurtosis_4', 'tex_dis_cv_1', 'tex_mean_q3_1']",0.8147847584863529,0.09136024893309842,0.8192348722681227,0.0957150796153502,0.8153369719396726
205,"(100, 50, 25, 10)",relu,adam,0.005,constant,500,42,8,"['rdvi_skewness', 'ref_q3_3', 'tex_cont_cv_2', 'tex_cont_q3_4', 'tex_homo_cv_4', 'tex_homo_kurtosis_4', 'tex_dis_cv_1', 'tex_mean_q3_1']",0.8147847584863529,0.09136024893309842,0.8192348722681227,0.0957150796153502,0.8153369719396726
204,"(100, 50, 25, 10)",relu,adam,0.005,constant,200,42,8,"['rdvi_skewness', 'ref_q3_3', 'tex_cont_cv_2', 'tex_cont_q3_4', 'tex_homo_cv_4', 'tex_homo_kurtosis_4', 'tex_dis_cv_1', 'tex_mean_q3_1']",0.8147847584863529,0.09136024893309842,0.8192348722681227,0.0957150796153502,0.8153369719396726
209,"(100, 50, 25, 10)",relu,adam,0.001,constant,500,42,8,"['rdvi_skewness', 'ref_q3_3', 'tex_cont_cv_2', 'tex_cont_q3_4', 'tex_homo_cv_4', 'tex_homo_kurtosis_4', 'tex_dis_cv_1', 'tex_mean_q3_1']",0.8144098948553793,0.09145265580827881,0.8173012280098121,0.09622564987549903,0.8133616318482986
210,"(100, 50, 25, 10)",relu,adam,0.001,adaptive,200,42,8,"['rdvi_skewness', 'ref_q3_3', 'tex_cont_cv_2', 'tex_cont_q3_4', 'tex_homo_cv_4', 'tex_homo_kurtosis_4', 'tex_dis_cv_1', 'tex_mean_q3_1']",0.8144098948553793,0.09145265580827881,0.8173012280098121,0.09622564987549903,0.8133616318482986
208,"(100, 50, 25, 10)",relu,adam,0.001,constant,200,42,8,"['rdvi_skewness', 'ref_q3_3', 'tex_cont_cv_2', 'tex_cont_q3_4', 'tex_homo_cv_4', 'tex_homo_kurtosis_4', 'tex_dis_cv_1', 'tex_mean_q3_1']",0.8144098948553793,0.09145265580827881,0.8173012280098121,0.09622564987549903,0.8133616318482986
211,"(100, 50, 25, 10)",relu,adam,0.001,adaptive,500,42,8,"['rdvi_skewness', 'ref_q3_3', 'tex_cont_cv_2', 'tex_cont_q3_4', 'tex_homo_cv_4', 'tex_homo_kurtosis_4', 'tex_dis_cv_1', 'tex_mean_q3_1']",0.8144098948553793,0.09145265580827881,0.8173012280098121,0.09622564987549903,0.8133616318482986
203,"(100, 50, 25, 10)",relu,adam,0.0001,adaptive,500,42,8,"['rdvi_skewness', 'ref_q3_3', 'tex_cont_cv_2', 'tex_cont_q3_4', 'tex_homo_cv_4', 'tex_homo_kurtosis_4', 'tex_dis_cv_1', 'tex_mean_q3_1']",0.814244096957553,0.09149349654484046,0.816956964629967,0.09631626727896458,0.8130099449993464
202,"(100, 50, 25, 10)",relu,adam,0.0001,adaptive,200,42,8,"['rdvi_skewness', 'ref_q3_3', 'tex_cont_cv_2', 'tex_cont_q3_4', 'tex_homo_cv_4', 'tex_homo_kurtosis_4', 'tex_dis_cv_1', 'tex_mean_q3_1']",0.814244096957553,0.09149349654484046,0.816956964629967,0.09631626727896458,0.8130099449993464
201,"(100, 50, 25, 10)",relu,adam,0.0001,constant,500,42,8,"['rdvi_skewness', 'ref_q3_3', 'tex_cont_cv_2', 'tex_cont_q3_4', 'tex_homo_cv_4', 'tex_homo_kurtosis_4', 'tex_dis_cv_1', 'tex_mean_q3_1']",0.814244096957553,0.09149349654484046,0.816956964629967,0.09631626727896458,0.8130099449993464
200,"(100, 50, 25, 10)",relu,adam,0.0001,constant,200,42,8,"['rdvi_skewness', 'ref_q3_3', 'tex_cont_cv_2', 'tex_cont_q3_4', 'tex_homo_cv_4', 'tex_homo_kurtosis_4', 'tex_dis_cv_1', 'tex_mean_q3_1']",0.814244096957553,0.09149349654484046,0.816956964629967,0.09631626727896458,0.8130099449993464
315,"(150, 100, 50, 25, 10, 5)",tanh,adam,0.05,adaptive,500,42,8,"['rdvi_skewness', 'ref_q3_3', 'tex_cont_cv_2', 'tex_cont_q3_4', 'tex_homo_cv_4', 'tex_homo_kurtosis_4', 'tex_dis_cv_1', 'tex_mean_q3_1']",0.8023416537678377,0.09437924347548754,0.8157664932962136,0.09662896949428243,0.8117938031247034
314,"(150, 100, 50, 25, 10, 5)",tanh,adam,0.05,adaptive,200,42,8,"['rdvi_skewness', 'ref_q3_3', 'tex_cont_cv_2', 'tex_cont_q3_4', 'tex_homo_cv_4', 'tex_homo_kurtosis_4', 'tex_dis_cv_1', 'tex_mean_q3_1']",0.8023416537678377,0.09437924347548754,0.8157664932962136,0.09662896949428243,0.8117938031247034
312,"(150, 100, 50, 25, 10, 5)",tanh,adam,0.05,constant,200,42,8,"['rdvi_skewness', 'ref_q3_3', 'tex_cont_cv_2', 'tex_cont_q3_4', 'tex_homo_cv_4', 'tex_homo_kurtosis_4', 'tex_dis_cv_1', 'tex_mean_q3_1']",0.8023416537678377,0.09437924347548754,0.8157664932962136,0.09662896949428243,0.8117938031247034
313,"(150, 100, 50, 25, 10, 5)",tanh,adam,0.05,constant,500,42,8,"['rdvi_skewness', 'ref_q3_3', 'tex_cont_cv_2', 'tex_cont_q3_4', 'tex_homo_cv_4', 'tex_homo_kurtosis_4', 'tex_dis_cv_1', 'tex_mean_q3_1']",0.8023416537678377,0.09437924347548754,0.8157664932962136,0.09662896949428243,0.8117938031247034
135,"(50, 25, 10)",relu,adam,0.05,adaptive,500,42,8,"['rdvi_skewness', 'ref_q3_3', 'tex_cont_cv_2', 'tex_cont_q3_4', 'tex_homo_cv_4', 'tex_homo_kurtosis_4', 'tex_dis_cv_1', 'tex_mean_q3_1']",0.7793606257598625,0.0997149834876471,0.8149941546009621,0.09683130033329491,0.8110048102257807
132,"(50, 25, 10)",relu,adam,0.05,constant,200,42,8,"['rdvi_skewness', 'ref_q3_3', 'tex_cont_cv_2', 'tex_cont_q3_4', 'tex_homo_cv_4', 'tex_homo_kurtosis_4', 'tex_dis_cv_1', 'tex_mean_q3_1']",0.7793606257598625,0.0997149834876471,0.8149941546009621,0.09683130033329491,0.8110048102257807
133,"(50, 25, 10)",relu,adam,0.05,constant,500,42,8,"['rdvi_skewness', 'ref_q3_3', 'tex_cont_cv_2', 'tex_cont_q3_4', 'tex_homo_cv_4', 'tex_homo_kurtosis_4', 'tex_dis_cv_1', 'tex_mean_q3_1']",0.7793606257598625,0.0997149834876471,0.8149941546009621,0.09683130033329491,0.8110048102257807
134,"(50, 25, 10)",relu,adam,0.05,adaptive,200,42,8,"['rdvi_skewness', 'ref_q3_3', 'tex_cont_cv_2', 'tex_cont_q3_4', 'tex_homo_cv_4', 'tex_homo_kurtosis_4', 'tex_dis_cv_1', 'tex_mean_q3_1']",0.7793606257598625,0.0997149834876471,0.8149941546009621,0.09683130033329491,0.8110048102257807
259,"(100, 50, 25, 10, 5)",relu,adam,0.01,adaptive,500,42,8,"['rdvi_skewness', 'ref_q3_3', 'tex_cont_cv_2', 'tex_cont_q3_4', 'tex_homo_cv_4', 'tex_homo_kurtosis_4', 'tex_dis_cv_1', 'tex_mean_q3_1']",0.7963044345583303,0.09580974852376756,0.8094876798801666,0.09826176748445221,0.8053795975056149
258,"(100, 50, 25, 10, 5)",relu,adam,0.01,adaptive,200,42,8,"['rdvi_skewness', 'ref_q3_3', 'tex_cont_cv_2', 'tex_cont_q3_4', 'tex_homo_cv_4', 'tex_homo_kurtosis_4', 'tex_dis_cv_1', 'tex_mean_q3_1']",0.7963044345583303,0.09580974852376756,0.8094876798801666,0.09826176748445221,0.8053795975056149
257,"(100, 50, 25, 10, 5)",relu,adam,0.01,constant,500,42,8,"['rdvi_skewness', 'ref_q3_3', 'tex_cont_cv_2', 'tex_cont_q3_4', 'tex_homo_cv_4', 'tex_homo_kurtosis_4', 'tex_dis_cv_1', 'tex_mean_q3_1']",0.7963044345583303,0.09580974852376756,0.8094876798801666,0.09826176748445221,0.8053795975056149
256,"(100, 50, 25, 10, 5)",relu,adam,0.01,constant,200,42,8,"['rdvi_skewness', 'ref_q3_3', 'tex_cont_cv_2', 'tex_cont_q3_4', 'tex_homo_cv_4', 'tex_homo_kurtosis_4', 'tex_dis_cv_1', 'tex_mean_q3_1']",0.7963044345583303,0.09580974852376756,0.8094876798801666,0.09826176748445221,0.8053795975056149
139,"(50, 25, 10)",relu,adam,0.01,adaptive,500,42,8,"['rdvi_skewness', 'ref_q3_3', 'tex_cont_cv_2', 'tex_cont_q3_4', 'tex_homo_cv_4', 'tex_homo_kurtosis_4', 'tex_dis_cv_1', 'tex_mean_q3_1']",0.7708196273563886,0.10162665325598838,0.8093719622690412,0.09829160516340316,0.8052613846360286
138,"(50, 25, 10)",relu,adam,0.01,adaptive,200,42,8,"['rdvi_skewness', 'ref_q3_3', 'tex_cont_cv_2', 'tex_cont_q3_4', 'tex_homo_cv_4', 'tex_homo_kurtosis_4', 'tex_dis_cv_1', 'tex_mean_q3_1']",0.7708196273563886,0.10162665325598838,0.8093719622690412,0.09829160516340316,0.8052613846360286
137,"(50, 25, 10)",relu,adam,0.01,constant,500,42,8,"['rdvi_skewness', 'ref_q3_3', 'tex_cont_cv_2', 'tex_cont_q3_4', 'tex_homo_cv_4', 'tex_homo_kurtosis_4', 'tex_dis_cv_1', 'tex_mean_q3_1']",0.7708196273563886,0.10162665325598838,0.8093719622690412,0.09829160516340316,0.8052613846360286
136,"(50, 25, 10)",relu,adam,0.01,constant,200,42,8,"['rdvi_skewness', 'ref_q3_3', 'tex_cont_cv_2', 'tex_cont_q3_4', 'tex_homo_cv_4', 'tex_homo_kurtosis_4', 'tex_dis_cv_1', 'tex_mean_q3_1']",0.7708196273563886,0.10162665325598838,0.8093719622690412,0.09829160516340316,0.8052613846360286
125,"(50, 25, 10)",relu,adam,0.005,constant,500,42,8,"['rdvi_skewness', 'ref_q3_3', 'tex_cont_cv_2', 'tex_cont_q3_4', 'tex_homo_cv_4', 'tex_homo_kurtosis_4', 'tex_dis_cv_1', 'tex_mean_q3_1']",0.7703459523024231,0.10173162115181152,0.8088151713677327,0.09843504672561962,0.8046925874619156
124,"(50, 25, 10)",relu,adam,0.005,constant,200,42,8,"['rdvi_skewness', 'ref_q3_3', 'tex_cont_cv_2', 'tex_cont_q3_4', 'tex_homo_cv_4', 'tex_homo_kurtosis_4', 'tex_dis_cv_1', 'tex_mean_q3_1']",0.7703459523024231,0.10173162115181152,0.8088151713677327,0.09843504672561962,0.8046925874619156
126,"(50, 25, 10)",relu,adam,0.005,adaptive,200,42,8,"['rdvi_skewness', 'ref_q3_3', 'tex_cont_cv_2', 'tex_cont_q3_4', 'tex_homo_cv_4', 'tex_homo_kurtosis_4', 'tex_dis_cv_1', 'tex_mean_q3_1']",0.7703459523024231,0.10173162115181152,0.8088151713677327,0.09843504672561962,0.8046925874619156
127,"(50, 25, 10)",relu,adam,0.005,adaptive,500,42,8,"['rdvi_skewness', 'ref_q3_3', 'tex_cont_cv_2', 'tex_cont_q3_4', 'tex_homo_cv_4', 'tex_homo_kurtosis_4', 'tex_dis_cv_1', 'tex_mean_q3_1']",0.7703459523024231,0.10173162115181152,0.8088151713677327,0.09843504672561962,0.8046925874619156
129,"(50, 25, 10)",relu,adam,0.001,constant,500,42,8,"['rdvi_skewness', 'ref_q3_3', 'tex_cont_cv_2', 'tex_cont_q3_4', 'tex_homo_cv_4', 'tex_homo_kurtosis_4', 'tex_dis_cv_1', 'tex_mean_q3_1']",0.77031590578497,0.10173827590270386,0.8086175650528448,0.09848590422146533,0.8044907200944156
130,"(50, 25, 10)",relu,adam,0.001,adaptive,200,42,8,"['rdvi_skewness', 'ref_q3_3', 'tex_cont_cv_2', 'tex_cont_q3_4', 'tex_homo_cv_4', 'tex_homo_kurtosis_4', 'tex_dis_cv_1', 'tex_mean_q3_1']",0.77031590578497,0.10173827590270386,0.8086175650528448,0.09848590422146533,0.8044907200944156
131,"(50, 25, 10)",relu,adam,0.001,adaptive,500,42,8,"['rdvi_skewness', 'ref_q3_3', 'tex_cont_cv_2', 'tex_cont_q3_4', 'tex_homo_cv_4', 'tex_homo_kurtosis_4', 'tex_dis_cv_1', 'tex_mean_q3_1']",0.77031590578497,0.10173827590270386,0.8086175650528448,0.09848590422146533,0.8044907200944156
128,"(50, 25, 10)",relu,adam,0.001,constant,200,42,8,"['rdvi_skewness', 'ref_q3_3', 'tex_cont_cv_2', 'tex_cont_q3_4', 'tex_homo_cv_4', 'tex_homo_kurtosis_4', 'tex_dis_cv_1', 'tex_mean_q3_1']",0.77031590578497,0.10173827590270386,0.8086175650528448,0.09848590422146533,0.8044907200944156
121,"(50, 25, 10)",relu,adam,0.0001,constant,500,42,8,"['rdvi_skewness', 'ref_q3_3', 'tex_cont_cv_2', 'tex_cont_q3_4', 'tex_homo_cv_4', 'tex_homo_kurtosis_4', 'tex_dis_cv_1', 'tex_mean_q3_1']",0.7702536279434063,0.10175206791300843,0.8085504071935969,0.09850318251129332,0.8044221140872594
122,"(50, 25, 10)",relu,adam,0.0001,adaptive,200,42,8,"['rdvi_skewness', 'ref_q3_3', 'tex_cont_cv_2', 'tex_cont_q3_4', 'tex_homo_cv_4', 'tex_homo_kurtosis_4', 'tex_dis_cv_1', 'tex_mean_q3_1']",0.7702536279434063,0.10175206791300843,0.8085504071935969,0.09850318251129332,0.8044221140872594
123,"(50, 25, 10)",relu,adam,0.0001,adaptive,500,42,8,"['rdvi_skewness', 'ref_q3_3', 'tex_cont_cv_2', 'tex_cont_q3_4', 'tex_homo_cv_4', 'tex_homo_kurtosis_4', 'tex_dis_cv_1', 'tex_mean_q3_1']",0.7702536279434063,0.10175206791300843,0.8085504071935969,0.09850318251129332,0.8044221140872594
120,"(50, 25, 10)",relu,adam,0.0001,constant,200,42,8,"['rdvi_skewness', 'ref_q3_3', 'tex_cont_cv_2', 'tex_cont_q3_4', 'tex_homo_cv_4', 'tex_homo_kurtosis_4', 'tex_dis_cv_1', 'tex_mean_q3_1']",0.7702536279434063,0.10175206791300843,0.8085504071935969,0.09850318251129332,0.8044221140872594
254,"(100, 50, 25, 10, 5)",relu,adam,0.05,adaptive,200,42,8,"['rdvi_skewness', 'ref_q3_3', 'tex_cont_cv_2', 'tex_cont_q3_4', 'tex_homo_cv_4', 'tex_homo_kurtosis_4', 'tex_dis_cv_1', 'tex_mean_q3_1']",0.7971109053665071,0.09561989560158903,0.8063755663179276,0.09906109379668177,0.8022003763733008
253,"(100, 50, 25, 10, 5)",relu,adam,0.05,constant,500,42,8,"['rdvi_skewness', 'ref_q3_3', 'tex_cont_cv_2', 'tex_cont_q3_4', 'tex_homo_cv_4', 'tex_homo_kurtosis_4', 'tex_dis_cv_1', 'tex_mean_q3_1']",0.7971109053665071,0.09561989560158903,0.8063755663179276,0.09906109379668177,0.8022003763733008
252,"(100, 50, 25, 10, 5)",relu,adam,0.05,constant,200,42,8,"['rdvi_skewness', 'ref_q3_3', 'tex_cont_cv_2', 'tex_cont_q3_4', 'tex_homo_cv_4', 'tex_homo_kurtosis_4', 'tex_dis_cv_1', 'tex_mean_q3_1']",0.7971109053665071,0.09561989560158903,0.8063755663179276,0.09906109379668177,0.8022003763733008
255,"(100, 50, 25, 10, 5)",relu,adam,0.05,adaptive,500,42,8,"['rdvi_skewness', 'ref_q3_3', 'tex_cont_cv_2', 'tex_cont_q3_4', 'tex_homo_cv_4', 'tex_homo_kurtosis_4', 'tex_dis_cv_1', 'tex_mean_q3_1']",0.7971109053665071,0.09561989560158903,0.8063755663179276,0.09906109379668177,0.8022003763733008
240,"(100, 50, 25, 10, 5)",relu,adam,0.0001,constant,200,42,8,"['rdvi_skewness', 'ref_q3_3', 'tex_cont_cv_2', 'tex_cont_q3_4', 'tex_homo_cv_4', 'tex_homo_kurtosis_4', 'tex_dis_cv_1', 'tex_mean_q3_1']",0.7944508871308624,0.09624467636729432,0.8054631862126334,0.09929421300532978,0.8012683223034718
243,"(100, 50, 25, 10, 5)",relu,adam,0.0001,adaptive,500,42,8,"['rdvi_skewness', 'ref_q3_3', 'tex_cont_cv_2', 'tex_cont_q3_4', 'tex_homo_cv_4', 'tex_homo_kurtosis_4', 'tex_dis_cv_1', 'tex_mean_q3_1']",0.7944508871308624,0.09624467636729432,0.8054631862126334,0.09929421300532978,0.8012683223034718
242,"(100, 50, 25, 10, 5)",relu,adam,0.0001,adaptive,200,42,8,"['rdvi_skewness', 'ref_q3_3', 'tex_cont_cv_2', 'tex_cont_q3_4', 'tex_homo_cv_4', 'tex_homo_kurtosis_4', 'tex_dis_cv_1', 'tex_mean_q3_1']",0.7944508871308624,0.09624467636729432,0.8054631862126334,0.09929421300532978,0.8012683223034718
241,"(100, 50, 25, 10, 5)",relu,adam,0.0001,constant,500,42,8,"['rdvi_skewness', 'ref_q3_3', 'tex_cont_cv_2', 'tex_cont_q3_4', 'tex_homo_cv_4', 'tex_homo_kurtosis_4', 'tex_dis_cv_1', 'tex_mean_q3_1']",0.7944508871308624,0.09624467636729432,0.8054631862126334,0.09929421300532978,0.8012683223034718
247,"(100, 50, 25, 10, 5)",relu,adam,0.005,adaptive,500,42,8,"['rdvi_skewness', 'ref_q3_3', 'tex_cont_cv_2', 'tex_cont_q3_4', 'tex_homo_cv_4', 'tex_homo_kurtosis_4', 'tex_dis_cv_1', 'tex_mean_q3_1']",0.7943193773901989,0.09627545998003743,0.8053274670359347,0.09932884341533309,0.801129676567707
246,"(100, 50, 25, 10, 5)",relu,adam,0.005,adaptive,200,42,8,"['rdvi_skewness', 'ref_q3_3', 'tex_cont_cv_2', 'tex_cont_q3_4', 'tex_homo_cv_4', 'tex_homo_kurtosis_4', 'tex_dis_cv_1', 'tex_mean_q3_1']",0.7943193773901989,0.09627545998003743,0.8053274670359347,0.09932884341533309,0.801129676567707
245,"(100, 50, 25, 10, 5)",relu,adam,0.005,constant,500,42,8,"['rdvi_skewness', 'ref_q3_3', 'tex_cont_cv_2', 'tex_cont_q3_4', 'tex_homo_cv_4', 'tex_homo_kurtosis_4', 'tex_dis_cv_1', 'tex_mean_q3_1']",0.7943193773901989,0.09627545998003743,0.8053274670359347,0.09932884341533309,0.801129676567707
244,"(100, 50, 25, 10, 5)",relu,adam,0.005,constant,200,42,8,"['rdvi_skewness', 'ref_q3_3', 'tex_cont_cv_2', 'tex_cont_q3_4', 'tex_homo_cv_4', 'tex_homo_kurtosis_4', 'tex_dis_cv_1', 'tex_mean_q3_1']",0.7943193773901989,0.09627545998003743,0.8053274670359347,0.09932884341533309,0.801129676567707
251,"(100, 50, 25, 10, 5)",relu,adam,0.001,adaptive,500,42,8,"['rdvi_skewness', 'ref_q3_3', 'tex_cont_cv_2', 'tex_cont_q3_4', 'tex_homo_cv_4', 'tex_homo_kurtosis_4', 'tex_dis_cv_1', 'tex_mean_q3_1']",0.794225320505241,0.09629747064574748,0.8036258249860804,0.0997620179931717,0.7993913414278287
250,"(100, 50, 25, 10, 5)",relu,adam,0.001,adaptive,200,42,8,"['rdvi_skewness', 'ref_q3_3', 'tex_cont_cv_2', 'tex_cont_q3_4', 'tex_homo_cv_4', 'tex_homo_kurtosis_4', 'tex_dis_cv_1', 'tex_mean_q3_1']",0.794225320505241,0.09629747064574748,0.8036258249860804,0.0997620179931717,0.7993913414278287
249,"(100, 50, 25, 10, 5)",relu,adam,0.001,constant,500,42,8,"['rdvi_skewness', 'ref_q3_3', 'tex_cont_cv_2', 'tex_cont_q3_4', 'tex_homo_cv_4', 'tex_homo_kurtosis_4', 'tex_dis_cv_1', 'tex_mean_q3_1']",0.794225320505241,0.09629747064574748,0.8036258249860804,0.0997620179931717,0.7993913414278287
248,"(100, 50, 25, 10, 5)",relu,adam,0.001,constant,200,42,8,"['rdvi_skewness', 'ref_q3_3', 'tex_cont_cv_2', 'tex_cont_q3_4', 'tex_homo_cv_4', 'tex_homo_kurtosis_4', 'tex_dis_cv_1', 'tex_mean_q3_1']",0.794225320505241,0.09629747064574748,0.8036258249860804,0.0997620179931717,0.7993913414278287
20,"(100,)",tanh,adam,0.0001,constant,200,42,8,"['rdvi_skewness', 'ref_q3_3', 'tex_cont_cv_2', 'tex_cont_q3_4', 'tex_homo_cv_4', 'tex_homo_kurtosis_4', 'tex_dis_cv_1', 'tex_mean_q3_1']",0.7522897049024091,0.10565521581390082,0.7603730933857609,0.11020234333739838,0.7552059363698205
21,"(100,)",tanh,adam,0.0001,constant,500,42,8,"['rdvi_skewness', 'ref_q3_3', 'tex_cont_cv_2', 'tex_cont_q3_4', 'tex_homo_cv_4', 'tex_homo_kurtosis_4', 'tex_dis_cv_1', 'tex_mean_q3_1']",0.7522897049024091,0.10565521581390082,0.7603730933857609,0.11020234333739838,0.7552059363698205
22,"(100,)",tanh,adam,0.0001,adaptive,200,42,8,"['rdvi_skewness', 'ref_q3_3', 'tex_cont_cv_2', 'tex_cont_q3_4', 'tex_homo_cv_4', 'tex_homo_kurtosis_4', 'tex_dis_cv_1', 'tex_mean_q3_1']",0.7522897049024091,0.10565521581390082,0.7603730933857609,0.11020234333739838,0.7552059363698205
23,"(100,)",tanh,adam,0.0001,adaptive,500,42,8,"['rdvi_skewness', 'ref_q3_3', 'tex_cont_cv_2', 'tex_cont_q3_4', 'tex_homo_cv_4', 'tex_homo_kurtosis_4', 'tex_dis_cv_1', 'tex_mean_q3_1']",0.7522897049024091,0.10565521581390082,0.7603730933857609,0.11020234333739838,0.7552059363698205
31,"(100,)",tanh,adam,0.001,adaptive,500,42,8,"['rdvi_skewness', 'ref_q3_3', 'tex_cont_cv_2', 'tex_cont_q3_4', 'tex_homo_cv_4', 'tex_homo_kurtosis_4', 'tex_dis_cv_1', 'tex_mean_q3_1']",0.7522846114596626,0.10565630205463632,0.760362346931517,0.11020481441040825,0.755194958186105
28,"(100,)",tanh,adam,0.001,constant,200,42,8,"['rdvi_skewness', 'ref_q3_3', 'tex_cont_cv_2', 'tex_cont_q3_4', 'tex_homo_cv_4', 'tex_homo_kurtosis_4', 'tex_dis_cv_1', 'tex_mean_q3_1']",0.7522846114596626,0.10565630205463632,0.760362346931517,0.11020481441040825,0.755194958186105
29,"(100,)",tanh,adam,0.001,constant,500,42,8,"['rdvi_skewness', 'ref_q3_3', 'tex_cont_cv_2', 'tex_cont_q3_4', 'tex_homo_cv_4', 'tex_homo_kurtosis_4', 'tex_dis_cv_1', 'tex_mean_q3_1']",0.7522846114596626,0.10565630205463632,0.760362346931517,0.11020481441040825,0.755194958186105
30,"(100,)",tanh,adam,0.001,adaptive,200,42,8,"['rdvi_skewness', 'ref_q3_3', 'tex_cont_cv_2', 'tex_cont_q3_4', 'tex_homo_cv_4', 'tex_homo_kurtosis_4', 'tex_dis_cv_1', 'tex_mean_q3_1']",0.7522846114596626,0.10565630205463632,0.760362346931517,0.11020481441040825,0.755194958186105
27,"(100,)",tanh,adam,0.005,adaptive,500,42,8,"['rdvi_skewness', 'ref_q3_3', 'tex_cont_cv_2', 'tex_cont_q3_4', 'tex_homo_cv_4', 'tex_homo_kurtosis_4', 'tex_dis_cv_1', 'tex_mean_q3_1']",0.7522616604027235,0.10566119651770034,0.7603143908395236,0.11021584090764208,0.7551459680004837
24,"(100,)",tanh,adam,0.005,constant,200,42,8,"['rdvi_skewness', 'ref_q3_3', 'tex_cont_cv_2', 'tex_cont_q3_4', 'tex_homo_cv_4', 'tex_homo_kurtosis_4', 'tex_dis_cv_1', 'tex_mean_q3_1']",0.7522616604027235,0.10566119651770034,0.7603143908395236,0.11021584090764208,0.7551459680004837
26,"(100,)",tanh,adam,0.005,adaptive,200,42,8,"['rdvi_skewness', 'ref_q3_3', 'tex_cont_cv_2', 'tex_cont_q3_4', 'tex_homo_cv_4', 'tex_homo_kurtosis_4', 'tex_dis_cv_1', 'tex_mean_q3_1']",0.7522616604027235,0.10566119651770034,0.7603143908395236,0.11021584090764208,0.7551459680004837
25,"(100,)",tanh,adam,0.005,constant,500,42,8,"['rdvi_skewness', 'ref_q3_3', 'tex_cont_cv_2', 'tex_cont_q3_4', 'tex_homo_cv_4', 'tex_homo_kurtosis_4', 'tex_dis_cv_1', 'tex_mean_q3_1']",0.7522616604027235,0.10566119651770034,0.7603143908395236,0.11021584090764208,0.7551459680004837
37,"(100,)",tanh,adam,0.01,constant,500,42,8,"['rdvi_skewness', 'ref_q3_3', 'tex_cont_cv_2', 'tex_cont_q3_4', 'tex_homo_cv_4', 'tex_homo_kurtosis_4', 'tex_dis_cv_1', 'tex_mean_q3_1']",0.7522324324898688,0.10566742923316738,0.7602545253617105,0.11022960417039111,0.7550848116228794
38,"(100,)",tanh,adam,0.01,adaptive,200,42,8,"['rdvi_skewness', 'ref_q3_3', 'tex_cont_cv_2', 'tex_cont_q3_4', 'tex_homo_cv_4', 'tex_homo_kurtosis_4', 'tex_dis_cv_1', 'tex_mean_q3_1']",0.7522324324898688,0.10566742923316738,0.7602545253617105,0.11022960417039111,0.7550848116228794
36,"(100,)",tanh,adam,0.01,constant,200,42,8,"['rdvi_skewness', 'ref_q3_3', 'tex_cont_cv_2', 'tex_cont_q3_4', 'tex_homo_cv_4', 'tex_homo_kurtosis_4', 'tex_dis_cv_1', 'tex_mean_q3_1']",0.7522324324898688,0.10566742923316738,0.7602545253617105,0.11022960417039111,0.7550848116228794
39,"(100,)",tanh,adam,0.01,adaptive,500,42,8,"['rdvi_skewness', 'ref_q3_3', 'tex_cont_cv_2', 'tex_cont_q3_4', 'tex_homo_cv_4', 'tex_homo_kurtosis_4', 'tex_dis_cv_1', 'tex_mean_q3_1']",0.7522324324898688,0.10566742923316738,0.7602545253617105,0.11022960417039111,0.7550848116228794
35,"(100,)",tanh,adam,0.05,adaptive,500,42,8,"['rdvi_skewness', 'ref_q3_3', 'tex_cont_cv_2', 'tex_cont_q3_4', 'tex_homo_cv_4', 'tex_homo_kurtosis_4', 'tex_dis_cv_1', 'tex_mean_q3_1']",0.7520159287232681,0.10571358620435181,0.759856261441636,0.11032112259769362,0.7546779598015635
34,"(100,)",tanh,adam,0.05,adaptive,200,42,8,"['rdvi_skewness', 'ref_q3_3', 'tex_cont_cv_2', 'tex_cont_q3_4', 'tex_homo_cv_4', 'tex_homo_kurtosis_4', 'tex_dis_cv_1', 'tex_mean_q3_1']",0.7520159287232681,0.10571358620435181,0.759856261441636,0.11032112259769362,0.7546779598015635
33,"(100,)",tanh,adam,0.05,constant,500,42,8,"['rdvi_skewness', 'ref_q3_3', 'tex_cont_cv_2', 'tex_cont_q3_4', 'tex_homo_cv_4', 'tex_homo_kurtosis_4', 'tex_dis_cv_1', 'tex_mean_q3_1']",0.7520159287232681,0.10571358620435181,0.759856261441636,0.11032112259769362,0.7546779598015635
32,"(100,)",tanh,adam,0.05,constant,200,42,8,"['rdvi_skewness', 'ref_q3_3', 'tex_cont_cv_2', 'tex_cont_q3_4', 'tex_homo_cv_4', 'tex_homo_kurtosis_4', 'tex_dis_cv_1', 'tex_mean_q3_1']",0.7520159287232681,0.10571358620435181,0.759856261441636,0.11032112259769362,0.7546779598015635
232,"(100, 50, 25, 10)",tanh,adam,0.05,constant,200,42,8,"['rdvi_skewness', 'ref_q3_3', 'tex_cont_cv_2', 'tex_cont_q3_4', 'tex_homo_cv_4', 'tex_homo_kurtosis_4', 'tex_dis_cv_1', 'tex_mean_q3_1']",0.7987914133032521,0.09522306766132956,0.7494964769214666,0.11267562034861281,0.7440947837014442
233,"(100, 50, 25, 10)",tanh,adam,0.05,constant,500,42,8,"['rdvi_skewness', 'ref_q3_3', 'tex_cont_cv_2', 'tex_cont_q3_4', 'tex_homo_cv_4', 'tex_homo_kurtosis_4', 'tex_dis_cv_1', 'tex_mean_q3_1']",0.7987914133032521,0.09522306766132956,0.7494964769214666,0.11267562034861281,0.7440947837014442
234,"(100, 50, 25, 10)",tanh,adam,0.05,adaptive,200,42,8,"['rdvi_skewness', 'ref_q3_3', 'tex_cont_cv_2', 'tex_cont_q3_4', 'tex_homo_cv_4', 'tex_homo_kurtosis_4', 'tex_dis_cv_1', 'tex_mean_q3_1']",0.7987914133032521,0.09522306766132956,0.7494964769214666,0.11267562034861281,0.7440947837014442
235,"(100, 50, 25, 10)",tanh,adam,0.05,adaptive,500,42,8,"['rdvi_skewness', 'ref_q3_3', 'tex_cont_cv_2', 'tex_cont_q3_4', 'tex_homo_cv_4', 'tex_homo_kurtosis_4', 'tex_dis_cv_1', 'tex_mean_q3_1']",0.7987914133032521,0.09522306766132956,0.7494964769214666,0.11267562034861281,0.7440947837014442
236,"(100, 50, 25, 10)",tanh,adam,0.01,constant,200,42,8,"['rdvi_skewness', 'ref_q3_3', 'tex_cont_cv_2', 'tex_cont_q3_4', 'tex_homo_cv_4', 'tex_homo_kurtosis_4', 'tex_dis_cv_1', 'tex_mean_q3_1']",0.8002146047835399,0.09488570345186703,0.7480516794213128,0.11300008564212799,0.7426188315382145
237,"(100, 50, 25, 10)",tanh,adam,0.01,constant,500,42,8,"['rdvi_skewness', 'ref_q3_3', 'tex_cont_cv_2', 'tex_cont_q3_4', 'tex_homo_cv_4', 'tex_homo_kurtosis_4', 'tex_dis_cv_1', 'tex_mean_q3_1']",0.8002146047835399,0.09488570345186703,0.7480516794213128,0.11300008564212799,0.7426188315382145
238,"(100, 50, 25, 10)",tanh,adam,0.01,adaptive,200,42,8,"['rdvi_skewness', 'ref_q3_3', 'tex_cont_cv_2', 'tex_cont_q3_4', 'tex_homo_cv_4', 'tex_homo_kurtosis_4', 'tex_dis_cv_1', 'tex_mean_q3_1']",0.8002146047835399,0.09488570345186703,0.7480516794213128,0.11300008564212799,0.7426188315382145
239,"(100, 50, 25, 10)",tanh,adam,0.01,adaptive,500,42,8,"['rdvi_skewness', 'ref_q3_3', 'tex_cont_cv_2', 'tex_cont_q3_4', 'tex_homo_cv_4', 'tex_homo_kurtosis_4', 'tex_dis_cv_1', 'tex_mean_q3_1']",0.8002146047835399,0.09488570345186703,0.7480516794213128,0.11300008564212799,0.7426188315382145
224,"(100, 50, 25, 10)",tanh,adam,0.005,constant,200,42,8,"['rdvi_skewness', 'ref_q3_3', 'tex_cont_cv_2', 'tex_cont_q3_4', 'tex_homo_cv_4', 'tex_homo_kurtosis_4', 'tex_dis_cv_1', 'tex_mean_q3_1']",0.8003689403064164,0.09484904645818507,0.7478288482605868,0.11305004504483863,0.7423911953928906
225,"(100, 50, 25, 10)",tanh,adam,0.005,constant,500,42,8,"['rdvi_skewness', 'ref_q3_3', 'tex_cont_cv_2', 'tex_cont_q3_4', 'tex_homo_cv_4', 'tex_homo_kurtosis_4', 'tex_dis_cv_1', 'tex_mean_q3_1']",0.8003689403064164,0.09484904645818507,0.7478288482605868,0.11305004504483863,0.7423911953928906
226,"(100, 50, 25, 10)",tanh,adam,0.005,adaptive,200,42,8,"['rdvi_skewness', 'ref_q3_3', 'tex_cont_cv_2', 'tex_cont_q3_4', 'tex_homo_cv_4', 'tex_homo_kurtosis_4', 'tex_dis_cv_1', 'tex_mean_q3_1']",0.8003689403064164,0.09484904645818507,0.7478288482605868,0.11305004504483863,0.7423911953928906
227,"(100, 50, 25, 10)",tanh,adam,0.005,adaptive,500,42,8,"['rdvi_skewness', 'ref_q3_3', 'tex_cont_cv_2', 'tex_cont_q3_4', 'tex_homo_cv_4', 'tex_homo_kurtosis_4', 'tex_dis_cv_1', 'tex_mean_q3_1']",0.8003689403064164,0.09484904645818507,0.7478288482605868,0.11305004504483863,0.7423911953928906
228,"(100, 50, 25, 10)",tanh,adam,0.001,constant,200,42,8,"['rdvi_skewness', 'ref_q3_3', 'tex_cont_cv_2', 'tex_cont_q3_4', 'tex_homo_cv_4', 'tex_homo_kurtosis_4', 'tex_dis_cv_1', 'tex_mean_q3_1']",0.8004928514512895,0.0948196054526815,0.747656193495438,0.11308873957634355,0.742214817613938
229,"(100, 50, 25, 10)",tanh,adam,0.001,constant,500,42,8,"['rdvi_skewness', 'ref_q3_3', 'tex_cont_cv_2', 'tex_cont_q3_4', 'tex_homo_cv_4', 'tex_homo_kurtosis_4', 'tex_dis_cv_1', 'tex_mean_q3_1']",0.8004928514512895,0.0948196054526815,0.747656193495438,0.11308873957634355,0.742214817613938
230,"(100, 50, 25, 10)",tanh,adam,0.001,adaptive,200,42,8,"['rdvi_skewness', 'ref_q3_3', 'tex_cont_cv_2', 'tex_cont_q3_4', 'tex_homo_cv_4', 'tex_homo_kurtosis_4', 'tex_dis_cv_1', 'tex_mean_q3_1']",0.8004928514512895,0.0948196054526815,0.747656193495438,0.11308873957634355,0.742214817613938
231,"(100, 50, 25, 10)",tanh,adam,0.001,adaptive,500,42,8,"['rdvi_skewness', 'ref_q3_3', 'tex_cont_cv_2', 'tex_cont_q3_4', 'tex_homo_cv_4', 'tex_homo_kurtosis_4', 'tex_dis_cv_1', 'tex_mean_q3_1']",0.8004928514512895,0.0948196054526815,0.747656193495438,0.11308873957634355,0.742214817613938
221,"(100, 50, 25, 10)",tanh,adam,0.0001,constant,500,42,8,"['rdvi_skewness', 'ref_q3_3', 'tex_cont_cv_2', 'tex_cont_q3_4', 'tex_homo_cv_4', 'tex_homo_kurtosis_4', 'tex_dis_cv_1', 'tex_mean_q3_1']",0.8005206268033815,0.09481300483807639,0.7476176867951074,0.11309736770189964,0.7421754805804467
222,"(100, 50, 25, 10)",tanh,adam,0.0001,adaptive,200,42,8,"['rdvi_skewness', 'ref_q3_3', 'tex_cont_cv_2', 'tex_cont_q3_4', 'tex_homo_cv_4', 'tex_homo_kurtosis_4', 'tex_dis_cv_1', 'tex_mean_q3_1']",0.8005206268033815,0.09481300483807639,0.7476176867951074,0.11309736770189964,0.7421754805804467
223,"(100, 50, 25, 10)",tanh,adam,0.0001,adaptive,500,42,8,"['rdvi_skewness', 'ref_q3_3', 'tex_cont_cv_2', 'tex_cont_q3_4', 'tex_homo_cv_4', 'tex_homo_kurtosis_4', 'tex_dis_cv_1', 'tex_mean_q3_1']",0.8005206268033815,0.09481300483807639,0.7476176867951074,0.11309736770189964,0.7421754805804467
220,"(100, 50, 25, 10)",tanh,adam,0.0001,constant,200,42,8,"['rdvi_skewness', 'ref_q3_3', 'tex_cont_cv_2', 'tex_cont_q3_4', 'tex_homo_cv_4', 'tex_homo_kurtosis_4', 'tex_dis_cv_1', 'tex_mean_q3_1']",0.8005206268033815,0.09481300483807639,0.7476176867951074,0.11309736770189964,0.7421754805804467
75,"(25, 10)",tanh,adam,0.05,adaptive,500,42,8,"['rdvi_skewness', 'ref_q3_3', 'tex_cont_cv_2', 'tex_cont_q3_4', 'tex_homo_cv_4', 'tex_homo_kurtosis_4', 'tex_dis_cv_1', 'tex_mean_q3_1']",0.6850552958104952,0.1191340944748927,0.7355036938736792,0.11577981314313326,0.7298002694828152
72,"(25, 10)",tanh,adam,0.05,constant,200,42,8,"['rdvi_skewness', 'ref_q3_3', 'tex_cont_cv_2', 'tex_cont_q3_4', 'tex_homo_cv_4', 'tex_homo_kurtosis_4', 'tex_dis_cv_1', 'tex_mean_q3_1']",0.6850552958104952,0.1191340944748927,0.7355036938736792,0.11577981314313326,0.7298002694828152
73,"(25, 10)",tanh,adam,0.05,constant,500,42,8,"['rdvi_skewness', 'ref_q3_3', 'tex_cont_cv_2', 'tex_cont_q3_4', 'tex_homo_cv_4', 'tex_homo_kurtosis_4', 'tex_dis_cv_1', 'tex_mean_q3_1']",0.6850552958104952,0.1191340944748927,0.7355036938736792,0.11577981314313326,0.7298002694828152
74,"(25, 10)",tanh,adam,0.05,adaptive,200,42,8,"['rdvi_skewness', 'ref_q3_3', 'tex_cont_cv_2', 'tex_cont_q3_4', 'tex_homo_cv_4', 'tex_homo_kurtosis_4', 'tex_dis_cv_1', 'tex_mean_q3_1']",0.6850552958104952,0.1191340944748927,0.7355036938736792,0.11577981314313326,0.7298002694828152
79,"(25, 10)",tanh,adam,0.01,adaptive,500,42,8,"['rdvi_skewness', 'ref_q3_3', 'tex_cont_cv_2', 'tex_cont_q3_4', 'tex_homo_cv_4', 'tex_homo_kurtosis_4', 'tex_dis_cv_1', 'tex_mean_q3_1']",0.6845213555058585,0.11923503847589945,0.7342382108921042,0.11605645698388259,0.7285074984585107
76,"(25, 10)",tanh,adam,0.01,constant,200,42,8,"['rdvi_skewness', 'ref_q3_3', 'tex_cont_cv_2', 'tex_cont_q3_4', 'tex_homo_cv_4', 'tex_homo_kurtosis_4', 'tex_dis_cv_1', 'tex_mean_q3_1']",0.6845213555058585,0.11923503847589945,0.7342382108921042,0.11605645698388259,0.7285074984585107
77,"(25, 10)",tanh,adam,0.01,constant,500,42,8,"['rdvi_skewness', 'ref_q3_3', 'tex_cont_cv_2', 'tex_cont_q3_4', 'tex_homo_cv_4', 'tex_homo_kurtosis_4', 'tex_dis_cv_1', 'tex_mean_q3_1']",0.6845213555058585,0.11923503847589945,0.7342382108921042,0.11605645698388259,0.7285074984585107
78,"(25, 10)",tanh,adam,0.01,adaptive,200,42,8,"['rdvi_skewness', 'ref_q3_3', 'tex_cont_cv_2', 'tex_cont_q3_4', 'tex_homo_cv_4', 'tex_homo_kurtosis_4', 'tex_dis_cv_1', 'tex_mean_q3_1']",0.6845213555058585,0.11923503847589945,0.7342382108921042,0.11605645698388259,0.7285074984585107
66,"(25, 10)",tanh,adam,0.005,adaptive,200,42,8,"['rdvi_skewness', 'ref_q3_3', 'tex_cont_cv_2', 'tex_cont_q3_4', 'tex_homo_cv_4', 'tex_homo_kurtosis_4', 'tex_dis_cv_1', 'tex_mean_q3_1']",0.6844528131937132,0.11924799054335357,0.7340781130450513,0.11609140856880859,0.7283439483667775
64,"(25, 10)",tanh,adam,0.005,constant,200,42,8,"['rdvi_skewness', 'ref_q3_3', 'tex_cont_cv_2', 'tex_cont_q3_4', 'tex_homo_cv_4', 'tex_homo_kurtosis_4', 'tex_dis_cv_1', 'tex_mean_q3_1']",0.6844528131937132,0.11924799054335357,0.7340781130450513,0.11609140856880859,0.7283439483667775
67,"(25, 10)",tanh,adam,0.005,adaptive,500,42,8,"['rdvi_skewness', 'ref_q3_3', 'tex_cont_cv_2', 'tex_cont_q3_4', 'tex_homo_cv_4', 'tex_homo_kurtosis_4', 'tex_dis_cv_1', 'tex_mean_q3_1']",0.6844528131937132,0.11924799054335357,0.7340781130450513,0.11609140856880859,0.7283439483667775
65,"(25, 10)",tanh,adam,0.005,constant,500,42,8,"['rdvi_skewness', 'ref_q3_3', 'tex_cont_cv_2', 'tex_cont_q3_4', 'tex_homo_cv_4', 'tex_homo_kurtosis_4', 'tex_dis_cv_1', 'tex_mean_q3_1']",0.6844528131937132,0.11924799054335357,0.7340781130450513,0.11609140856880859,0.7283439483667775
71,"(25, 10)",tanh,adam,0.001,adaptive,500,42,8,"['rdvi_skewness', 'ref_q3_3', 'tex_cont_cv_2', 'tex_cont_q3_4', 'tex_homo_cv_4', 'tex_homo_kurtosis_4', 'tex_dis_cv_1', 'tex_mean_q3_1']",0.6780506945840425,0.12045162387705724,0.7278286344441988,0.1174476292918465,0.7219597101195454
69,"(25, 10)",tanh,adam,0.001,constant,500,42,8,"['rdvi_skewness', 'ref_q3_3', 'tex_cont_cv_2', 'tex_cont_q3_4', 'tex_homo_cv_4', 'tex_homo_kurtosis_4', 'tex_dis_cv_1', 'tex_mean_q3_1']",0.6780506945840425,0.12045162387705724,0.7278286344441988,0.1174476292918465,0.7219597101195454
68,"(25, 10)",tanh,adam,0.001,constant,200,42,8,"['rdvi_skewness', 'ref_q3_3', 'tex_cont_cv_2', 'tex_cont_q3_4', 'tex_homo_cv_4', 'tex_homo_kurtosis_4', 'tex_dis_cv_1', 'tex_mean_q3_1']",0.6780506945840425,0.12045162387705724,0.7278286344441988,0.1174476292918465,0.7219597101195454
70,"(25, 10)",tanh,adam,0.001,adaptive,200,42,8,"['rdvi_skewness', 'ref_q3_3', 'tex_cont_cv_2', 'tex_cont_q3_4', 'tex_homo_cv_4', 'tex_homo_kurtosis_4', 'tex_dis_cv_1', 'tex_mean_q3_1']",0.6780506945840425,0.12045162387705724,0.7278286344441988,0.1174476292918465,0.7219597101195454
60,"(25, 10)",tanh,adam,0.0001,constant,200,42,8,"['rdvi_skewness', 'ref_q3_3', 'tex_cont_cv_2', 'tex_cont_q3_4', 'tex_homo_cv_4', 'tex_homo_kurtosis_4', 'tex_dis_cv_1', 'tex_mean_q3_1']",0.6780383617892342,0.12045393090321123,0.7278003536281152,0.11745373101477767,0.7219308194745436
63,"(25, 10)",tanh,adam,0.0001,adaptive,500,42,8,"['rdvi_skewness', 'ref_q3_3', 'tex_cont_cv_2', 'tex_cont_q3_4', 'tex_homo_cv_4', 'tex_homo_kurtosis_4', 'tex_dis_cv_1', 'tex_mean_q3_1']",0.6780383617892342,0.12045393090321123,0.7278003536281152,0.11745373101477767,0.7219308194745436
62,"(25, 10)",tanh,adam,0.0001,adaptive,200,42,8,"['rdvi_skewness', 'ref_q3_3', 'tex_cont_cv_2', 'tex_cont_q3_4', 'tex_homo_cv_4', 'tex_homo_kurtosis_4', 'tex_dis_cv_1', 'tex_mean_q3_1']",0.6780383617892342,0.12045393090321123,0.7278003536281152,0.11745373101477767,0.7219308194745436
61,"(25, 10)",tanh,adam,0.0001,constant,500,42,8,"['rdvi_skewness', 'ref_q3_3', 'tex_cont_cv_2', 'tex_cont_q3_4', 'tex_homo_cv_4', 'tex_homo_kurtosis_4', 'tex_dis_cv_1', 'tex_mean_q3_1']",0.6780383617892342,0.12045393090321123,0.7278003536281152,0.11745373101477767,0.7219308194745436
152,"(50, 25, 10)",tanh,adam,0.05,constant,200,42,8,"['rdvi_skewness', 'ref_q3_3', 'tex_cont_cv_2', 'tex_cont_q3_4', 'tex_homo_cv_4', 'tex_homo_kurtosis_4', 'tex_dis_cv_1', 'tex_mean_q3_1']",0.7736102785608354,0.10100602162290562,0.7245949153395397,0.11814327777997753,0.7186562612228721
153,"(50, 25, 10)",tanh,adam,0.05,constant,500,42,8,"['rdvi_skewness', 'ref_q3_3', 'tex_cont_cv_2', 'tex_cont_q3_4', 'tex_homo_cv_4', 'tex_homo_kurtosis_4', 'tex_dis_cv_1', 'tex_mean_q3_1']",0.7736102785608354,0.10100602162290562,0.7245949153395397,0.11814327777997753,0.7186562612228721
154,"(50, 25, 10)",tanh,adam,0.05,adaptive,200,42,8,"['rdvi_skewness', 'ref_q3_3', 'tex_cont_cv_2', 'tex_cont_q3_4', 'tex_homo_cv_4', 'tex_homo_kurtosis_4', 'tex_dis_cv_1', 'tex_mean_q3_1']",0.7736102785608354,0.10100602162290562,0.7245949153395397,0.11814327777997753,0.7186562612228721
155,"(50, 25, 10)",tanh,adam,0.05,adaptive,500,42,8,"['rdvi_skewness', 'ref_q3_3', 'tex_cont_cv_2', 'tex_cont_q3_4', 'tex_homo_cv_4', 'tex_homo_kurtosis_4', 'tex_dis_cv_1', 'tex_mean_q3_1']",0.7736102785608354,0.10100602162290562,0.7245949153395397,0.11814327777997753,0.7186562612228721
158,"(50, 25, 10)",tanh,adam,0.01,adaptive,200,42,8,"['rdvi_skewness', 'ref_q3_3', 'tex_cont_cv_2', 'tex_cont_q3_4', 'tex_homo_cv_4', 'tex_homo_kurtosis_4', 'tex_dis_cv_1', 'tex_mean_q3_1']",0.7736020633882077,0.10100785424669081,0.7230664060478165,0.11847067411347176,0.7170947921620551
157,"(50, 25, 10)",tanh,adam,0.01,constant,500,42,8,"['rdvi_skewness', 'ref_q3_3', 'tex_cont_cv_2', 'tex_cont_q3_4', 'tex_homo_cv_4', 'tex_homo_kurtosis_4', 'tex_dis_cv_1', 'tex_mean_q3_1']",0.7736020633882077,0.10100785424669081,0.7230664060478165,0.11847067411347176,0.7170947921620551
156,"(50, 25, 10)",tanh,adam,0.01,constant,200,42,8,"['rdvi_skewness', 'ref_q3_3', 'tex_cont_cv_2', 'tex_cont_q3_4', 'tex_homo_cv_4', 'tex_homo_kurtosis_4', 'tex_dis_cv_1', 'tex_mean_q3_1']",0.7736020633882077,0.10100785424669081,0.7230664060478165,0.11847067411347176,0.7170947921620551
159,"(50, 25, 10)",tanh,adam,0.01,adaptive,500,42,8,"['rdvi_skewness', 'ref_q3_3', 'tex_cont_cv_2', 'tex_cont_q3_4', 'tex_homo_cv_4', 'tex_homo_kurtosis_4', 'tex_dis_cv_1', 'tex_mean_q3_1']",0.7736020633882077,0.10100785424669081,0.7230664060478165,0.11847067411347176,0.7170947921620551
145,"(50, 25, 10)",tanh,adam,0.005,constant,500,42,8,"['rdvi_skewness', 'ref_q3_3', 'tex_cont_cv_2', 'tex_cont_q3_4', 'tex_homo_cv_4', 'tex_homo_kurtosis_4', 'tex_dis_cv_1', 'tex_mean_q3_1']",0.7735942535447071,0.10100959641966026,0.7228732552596666,0.11851198133659543,0.7168974763973414
147,"(50, 25, 10)",tanh,adam,0.005,adaptive,500,42,8,"['rdvi_skewness', 'ref_q3_3', 'tex_cont_cv_2', 'tex_cont_q3_4', 'tex_homo_cv_4', 'tex_homo_kurtosis_4', 'tex_dis_cv_1', 'tex_mean_q3_1']",0.7735942535447071,0.10100959641966026,0.7228732552596666,0.11851198133659543,0.7168974763973414
146,"(50, 25, 10)",tanh,adam,0.005,adaptive,200,42,8,"['rdvi_skewness', 'ref_q3_3', 'tex_cont_cv_2', 'tex_cont_q3_4', 'tex_homo_cv_4', 'tex_homo_kurtosis_4', 'tex_dis_cv_1', 'tex_mean_q3_1']",0.7735942535447071,0.10100959641966026,0.7228732552596666,0.11851198133659543,0.7168974763973414
144,"(50, 25, 10)",tanh,adam,0.005,constant,200,42,8,"['rdvi_skewness', 'ref_q3_3', 'tex_cont_cv_2', 'tex_cont_q3_4', 'tex_homo_cv_4', 'tex_homo_kurtosis_4', 'tex_dis_cv_1', 'tex_mean_q3_1']",0.7735942535447071,0.10100959641966026,0.7228732552596666,0.11851198133659543,0.7168974763973414
151,"(50, 25, 10)",tanh,adam,0.001,adaptive,500,42,8,"['rdvi_skewness', 'ref_q3_3', 'tex_cont_cv_2', 'tex_cont_q3_4', 'tex_homo_cv_4', 'tex_homo_kurtosis_4', 'tex_dis_cv_1', 'tex_mean_q3_1']",0.7735865056806853,0.1010113247369289,0.722717233204994,0.11854533770039698,0.7167380899856948
150,"(50, 25, 10)",tanh,adam,0.001,adaptive,200,42,8,"['rdvi_skewness', 'ref_q3_3', 'tex_cont_cv_2', 'tex_cont_q3_4', 'tex_homo_cv_4', 'tex_homo_kurtosis_4', 'tex_dis_cv_1', 'tex_mean_q3_1']",0.7735865056806853,0.1010113247369289,0.722717233204994,0.11854533770039698,0.7167380899856948
149,"(50, 25, 10)",tanh,adam,0.001,constant,500,42,8,"['rdvi_skewness', 'ref_q3_3', 'tex_cont_cv_2', 'tex_cont_q3_4', 'tex_homo_cv_4', 'tex_homo_kurtosis_4', 'tex_dis_cv_1', 'tex_mean_q3_1']",0.7735865056806853,0.1010113247369289,0.722717233204994,0.11854533770039698,0.7167380899856948
148,"(50, 25, 10)",tanh,adam,0.001,constant,200,42,8,"['rdvi_skewness', 'ref_q3_3', 'tex_cont_cv_2', 'tex_cont_q3_4', 'tex_homo_cv_4', 'tex_homo_kurtosis_4', 'tex_dis_cv_1', 'tex_mean_q3_1']",0.7735865056806853,0.1010113247369289,0.722717233204994,0.11854533770039698,0.7167380899856948
140,"(50, 25, 10)",tanh,adam,0.0001,constant,200,42,8,"['rdvi_skewness', 'ref_q3_3', 'tex_cont_cv_2', 'tex_cont_q3_4', 'tex_homo_cv_4', 'tex_homo_kurtosis_4', 'tex_dis_cv_1', 'tex_mean_q3_1']",0.7735845796499479,0.10101175437232478,0.7226819428113062,0.11855288122461766,0.7167020386131673
143,"(50, 25, 10)",tanh,adam,0.0001,adaptive,500,42,8,"['rdvi_skewness', 'ref_q3_3', 'tex_cont_cv_2', 'tex_cont_q3_4', 'tex_homo_cv_4', 'tex_homo_kurtosis_4', 'tex_dis_cv_1', 'tex_mean_q3_1']",0.7735845796499479,0.10101175437232478,0.7226819428113062,0.11855288122461766,0.7167020386131673
142,"(50, 25, 10)",tanh,adam,0.0001,adaptive,200,42,8,"['rdvi_skewness', 'ref_q3_3', 'tex_cont_cv_2', 'tex_cont_q3_4', 'tex_homo_cv_4', 'tex_homo_kurtosis_4', 'tex_dis_cv_1', 'tex_mean_q3_1']",0.7735845796499479,0.10101175437232478,0.7226819428113062,0.11855288122461766,0.7167020386131673
141,"(50, 25, 10)",tanh,adam,0.0001,constant,500,42,8,"['rdvi_skewness', 'ref_q3_3', 'tex_cont_cv_2', 'tex_cont_q3_4', 'tex_homo_cv_4', 'tex_homo_kurtosis_4', 'tex_dis_cv_1', 'tex_mean_q3_1']",0.7735845796499479,0.10101175437232478,0.7226819428113062,0.11855288122461766,0.7167020386131673
52,"(25, 10)",relu,adam,0.05,constant,200,42,8,"['rdvi_skewness', 'ref_q3_3', 'tex_cont_cv_2', 'tex_cont_q3_4', 'tex_homo_cv_4', 'tex_homo_kurtosis_4', 'tex_dis_cv_1', 'tex_mean_q3_1']",0.6983732872593121,0.1165879896155845,0.721332304750801,0.1188410147855722,0.7153232978451579
53,"(25, 10)",relu,adam,0.05,constant,500,42,8,"['rdvi_skewness', 'ref_q3_3', 'tex_cont_cv_2', 'tex_cont_q3_4', 'tex_homo_cv_4', 'tex_homo_kurtosis_4', 'tex_dis_cv_1', 'tex_mean_q3_1']",0.6983732872593121,0.1165879896155845,0.721332304750801,0.1188410147855722,0.7153232978451579
54,"(25, 10)",relu,adam,0.05,adaptive,200,42,8,"['rdvi_skewness', 'ref_q3_3', 'tex_cont_cv_2', 'tex_cont_q3_4', 'tex_homo_cv_4', 'tex_homo_kurtosis_4', 'tex_dis_cv_1', 'tex_mean_q3_1']",0.6983732872593121,0.1165879896155845,0.721332304750801,0.1188410147855722,0.7153232978451579
55,"(25, 10)",relu,adam,0.05,adaptive,500,42,8,"['rdvi_skewness', 'ref_q3_3', 'tex_cont_cv_2', 'tex_cont_q3_4', 'tex_homo_cv_4', 'tex_homo_kurtosis_4', 'tex_dis_cv_1', 'tex_mean_q3_1']",0.6983732872593121,0.1165879896155845,0.721332304750801,0.1188410147855722,0.7153232978451579
93,"(25, 10, 5)",relu,adam,0.05,constant,500,42,8,"['rdvi_skewness', 'ref_q3_3', 'tex_cont_cv_2', 'tex_cont_q3_4', 'tex_homo_cv_4', 'tex_homo_kurtosis_4', 'tex_dis_cv_1', 'tex_mean_q3_1']",0.7532184646093218,0.10545695909606816,0.7211449491055579,0.11888095804813342,0.7151319021860012
92,"(25, 10, 5)",relu,adam,0.05,constant,200,42,8,"['rdvi_skewness', 'ref_q3_3', 'tex_cont_cv_2', 'tex_cont_q3_4', 'tex_homo_cv_4', 'tex_homo_kurtosis_4', 'tex_dis_cv_1', 'tex_mean_q3_1']",0.7532184646093218,0.10545695909606816,0.7211449491055579,0.11888095804813342,0.7151319021860012
94,"(25, 10, 5)",relu,adam,0.05,adaptive,200,42,8,"['rdvi_skewness', 'ref_q3_3', 'tex_cont_cv_2', 'tex_cont_q3_4', 'tex_homo_cv_4', 'tex_homo_kurtosis_4', 'tex_dis_cv_1', 'tex_mean_q3_1']",0.7532184646093218,0.10545695909606816,0.7211449491055579,0.11888095804813342,0.7151319021860012
95,"(25, 10, 5)",relu,adam,0.05,adaptive,500,42,8,"['rdvi_skewness', 'ref_q3_3', 'tex_cont_cv_2', 'tex_cont_q3_4', 'tex_homo_cv_4', 'tex_homo_kurtosis_4', 'tex_dis_cv_1', 'tex_mean_q3_1']",0.7532184646093218,0.10545695909606816,0.7211449491055579,0.11888095804813342,0.7151319021860012
97,"(25, 10, 5)",relu,adam,0.01,constant,500,42,8,"['rdvi_skewness', 'ref_q3_3', 'tex_cont_cv_2', 'tex_cont_q3_4', 'tex_homo_cv_4', 'tex_homo_kurtosis_4', 'tex_dis_cv_1', 'tex_mean_q3_1']",0.752996258687026,0.10550442595435527,0.7189558997433857,0.11934666156865849,0.7128956496030814
96,"(25, 10, 5)",relu,adam,0.01,constant,200,42,8,"['rdvi_skewness', 'ref_q3_3', 'tex_cont_cv_2', 'tex_cont_q3_4', 'tex_homo_cv_4', 'tex_homo_kurtosis_4', 'tex_dis_cv_1', 'tex_mean_q3_1']",0.752996258687026,0.10550442595435527,0.7189558997433857,0.11934666156865849,0.7128956496030814
99,"(25, 10, 5)",relu,adam,0.01,adaptive,500,42,8,"['rdvi_skewness', 'ref_q3_3', 'tex_cont_cv_2', 'tex_cont_q3_4', 'tex_homo_cv_4', 'tex_homo_kurtosis_4', 'tex_dis_cv_1', 'tex_mean_q3_1']",0.752996258687026,0.10550442595435527,0.7189558997433857,0.11934666156865849,0.7128956496030814
98,"(25, 10, 5)",relu,adam,0.01,adaptive,200,42,8,"['rdvi_skewness', 'ref_q3_3', 'tex_cont_cv_2', 'tex_cont_q3_4', 'tex_homo_cv_4', 'tex_homo_kurtosis_4', 'tex_dis_cv_1', 'tex_mean_q3_1']",0.752996258687026,0.10550442595435527,0.7189558997433857,0.11934666156865849,0.7128956496030814
84,"(25, 10, 5)",relu,adam,0.005,constant,200,42,8,"['rdvi_skewness', 'ref_q3_3', 'tex_cont_cv_2', 'tex_cont_q3_4', 'tex_homo_cv_4', 'tex_homo_kurtosis_4', 'tex_dis_cv_1', 'tex_mean_q3_1']",0.7528699884784481,0.10553138984496237,0.7186360024188696,0.11941456518180622,0.71256885422305
85,"(25, 10, 5)",relu,adam,0.005,constant,500,42,8,"['rdvi_skewness', 'ref_q3_3', 'tex_cont_cv_2', 'tex_cont_q3_4', 'tex_homo_cv_4', 'tex_homo_kurtosis_4', 'tex_dis_cv_1', 'tex_mean_q3_1']",0.7528699884784481,0.10553138984496237,0.7186360024188696,0.11941456518180622,0.71256885422305
86,"(25, 10, 5)",relu,adam,0.005,adaptive,200,42,8,"['rdvi_skewness', 'ref_q3_3', 'tex_cont_cv_2', 'tex_cont_q3_4', 'tex_homo_cv_4', 'tex_homo_kurtosis_4', 'tex_dis_cv_1', 'tex_mean_q3_1']",0.7528699884784481,0.10553138984496237,0.7186360024188696,0.11941456518180622,0.71256885422305
87,"(25, 10, 5)",relu,adam,0.005,adaptive,500,42,8,"['rdvi_skewness', 'ref_q3_3', 'tex_cont_cv_2', 'tex_cont_q3_4', 'tex_homo_cv_4', 'tex_homo_kurtosis_4', 'tex_dis_cv_1', 'tex_mean_q3_1']",0.7528699884784481,0.10553138984496237,0.7186360024188696,0.11941456518180622,0.71256885422305
90,"(25, 10, 5)",relu,adam,0.001,adaptive,200,42,8,"['rdvi_skewness', 'ref_q3_3', 'tex_cont_cv_2', 'tex_cont_q3_4', 'tex_homo_cv_4', 'tex_homo_kurtosis_4', 'tex_dis_cv_1', 'tex_mean_q3_1']",0.7525216200580779,0.1056057451537204,0.7182199314245219,0.11950282555412521,0.7121438113474226
91,"(25, 10, 5)",relu,adam,0.001,adaptive,500,42,8,"['rdvi_skewness', 'ref_q3_3', 'tex_cont_cv_2', 'tex_cont_q3_4', 'tex_homo_cv_4', 'tex_homo_kurtosis_4', 'tex_dis_cv_1', 'tex_mean_q3_1']",0.7525216200580779,0.1056057451537204,0.7182199314245219,0.11950282555412521,0.7121438113474226
88,"(25, 10, 5)",relu,adam,0.001,constant,200,42,8,"['rdvi_skewness', 'ref_q3_3', 'tex_cont_cv_2', 'tex_cont_q3_4', 'tex_homo_cv_4', 'tex_homo_kurtosis_4', 'tex_dis_cv_1', 'tex_mean_q3_1']",0.7525216200580779,0.1056057451537204,0.7182199314245219,0.11950282555412521,0.7121438113474226
89,"(25, 10, 5)",relu,adam,0.001,constant,500,42,8,"['rdvi_skewness', 'ref_q3_3', 'tex_cont_cv_2', 'tex_cont_q3_4', 'tex_homo_cv_4', 'tex_homo_kurtosis_4', 'tex_dis_cv_1', 'tex_mean_q3_1']",0.7525216200580779,0.1056057451537204,0.7182199314245219,0.11950282555412521,0.7121438113474226
81,"(25, 10, 5)",relu,adam,0.0001,constant,500,42,8,"['rdvi_skewness', 'ref_q3_3', 'tex_cont_cv_2', 'tex_cont_q3_4', 'tex_homo_cv_4', 'tex_homo_kurtosis_4', 'tex_dis_cv_1', 'tex_mean_q3_1']",0.752509378580556,0.10560835700686393,0.7181530783027645,0.11951700090581412,0.7120755166489158
80,"(25, 10, 5)",relu,adam,0.0001,constant,200,42,8,"['rdvi_skewness', 'ref_q3_3', 'tex_cont_cv_2', 'tex_cont_q3_4', 'tex_homo_cv_4', 'tex_homo_kurtosis_4', 'tex_dis_cv_1', 'tex_mean_q3_1']",0.752509378580556,0.10560835700686393,0.7181530783027645,0.11951700090581412,0.7120755166489158
82,"(25, 10, 5)",relu,adam,0.0001,adaptive,200,42,8,"['rdvi_skewness', 'ref_q3_3', 'tex_cont_cv_2', 'tex_cont_q3_4', 'tex_homo_cv_4', 'tex_homo_kurtosis_4', 'tex_dis_cv_1', 'tex_mean_q3_1']",0.752509378580556,0.10560835700686393,0.7181530783027645,0.11951700090581412,0.7120755166489158
83,"(25, 10, 5)",relu,adam,0.0001,adaptive,500,42,8,"['rdvi_skewness', 'ref_q3_3', 'tex_cont_cv_2', 'tex_cont_q3_4', 'tex_homo_cv_4', 'tex_homo_kurtosis_4', 'tex_dis_cv_1', 'tex_mean_q3_1']",0.752509378580556,0.10560835700686393,0.7181530783027645,0.11951700090581412,0.7120755166489158
12,"(100,)",relu,adam,0.05,constant,200,42,8,"['rdvi_skewness', 'ref_q3_3', 'tex_cont_cv_2', 'tex_cont_q3_4', 'tex_homo_cv_4', 'tex_homo_kurtosis_4', 'tex_dis_cv_1', 'tex_mean_q3_1']",0.7522475731692346,0.10566420060013094,0.7155482107260229,0.12006802685712589,0.7094144794209236
15,"(100,)",relu,adam,0.05,adaptive,500,42,8,"['rdvi_skewness', 'ref_q3_3', 'tex_cont_cv_2', 'tex_cont_q3_4', 'tex_homo_cv_4', 'tex_homo_kurtosis_4', 'tex_dis_cv_1', 'tex_mean_q3_1']",0.7522475731692346,0.10566420060013094,0.7155482107260229,0.12006802685712589,0.7094144794209236
14,"(100,)",relu,adam,0.05,adaptive,200,42,8,"['rdvi_skewness', 'ref_q3_3', 'tex_cont_cv_2', 'tex_cont_q3_4', 'tex_homo_cv_4', 'tex_homo_kurtosis_4', 'tex_dis_cv_1', 'tex_mean_q3_1']",0.7522475731692346,0.10566420060013094,0.7155482107260229,0.12006802685712589,0.7094144794209236
13,"(100,)",relu,adam,0.05,constant,500,42,8,"['rdvi_skewness', 'ref_q3_3', 'tex_cont_cv_2', 'tex_cont_q3_4', 'tex_homo_cv_4', 'tex_homo_kurtosis_4', 'tex_dis_cv_1', 'tex_mean_q3_1']",0.7522475731692346,0.10566420060013094,0.7155482107260229,0.12006802685712589,0.7094144794209236
19,"(100,)",relu,adam,0.01,adaptive,500,42,8,"['rdvi_skewness', 'ref_q3_3', 'tex_cont_cv_2', 'tex_cont_q3_4', 'tex_homo_cv_4', 'tex_homo_kurtosis_4', 'tex_dis_cv_1', 'tex_mean_q3_1']",0.7522301123597892,0.10566792397428612,0.7151545799857117,0.12015107454511788,0.7090123606862122
17,"(100,)",relu,adam,0.01,constant,500,42,8,"['rdvi_skewness', 'ref_q3_3', 'tex_cont_cv_2', 'tex_cont_q3_4', 'tex_homo_cv_4', 'tex_homo_kurtosis_4', 'tex_dis_cv_1', 'tex_mean_q3_1']",0.7522301123597892,0.10566792397428612,0.7151545799857117,0.12015107454511788,0.7090123606862122
16,"(100,)",relu,adam,0.01,constant,200,42,8,"['rdvi_skewness', 'ref_q3_3', 'tex_cont_cv_2', 'tex_cont_q3_4', 'tex_homo_cv_4', 'tex_homo_kurtosis_4', 'tex_dis_cv_1', 'tex_mean_q3_1']",0.7522301123597892,0.10566792397428612,0.7151545799857117,0.12015107454511788,0.7090123606862122
18,"(100,)",relu,adam,0.01,adaptive,200,42,8,"['rdvi_skewness', 'ref_q3_3', 'tex_cont_cv_2', 'tex_cont_q3_4', 'tex_homo_cv_4', 'tex_homo_kurtosis_4', 'tex_dis_cv_1', 'tex_mean_q3_1']",0.7522301123597892,0.10566792397428612,0.7151545799857117,0.12015107454511788,0.7090123606862122
4,"(100,)",relu,adam,0.005,constant,200,42,8,"['rdvi_skewness', 'ref_q3_3', 'tex_cont_cv_2', 'tex_cont_q3_4', 'tex_homo_cv_4', 'tex_homo_kurtosis_4', 'tex_dis_cv_1', 'tex_mean_q3_1']",0.7522081746058953,0.10567260183409989,0.7149700093692847,0.12018999524579978,0.7088238101104014
5,"(100,)",relu,adam,0.005,constant,500,42,8,"['rdvi_skewness', 'ref_q3_3', 'tex_cont_cv_2', 'tex_cont_q3_4', 'tex_homo_cv_4', 'tex_homo_kurtosis_4', 'tex_dis_cv_1', 'tex_mean_q3_1']",0.7522081746058953,0.10567260183409989,0.7149700093692847,0.12018999524579978,0.7088238101104014
6,"(100,)",relu,adam,0.005,adaptive,200,42,8,"['rdvi_skewness', 'ref_q3_3', 'tex_cont_cv_2', 'tex_cont_q3_4', 'tex_homo_cv_4', 'tex_homo_kurtosis_4', 'tex_dis_cv_1', 'tex_mean_q3_1']",0.7522081746058953,0.10567260183409989,0.7149700093692847,0.12018999524579978,0.7088238101104014
7,"(100,)",relu,adam,0.005,adaptive,500,42,8,"['rdvi_skewness', 'ref_q3_3', 'tex_cont_cv_2', 'tex_cont_q3_4', 'tex_homo_cv_4', 'tex_homo_kurtosis_4', 'tex_dis_cv_1', 'tex_mean_q3_1']",0.7522081746058953,0.10567260183409989,0.7149700093692847,0.12018999524579978,0.7088238101104014
11,"(100,)",relu,adam,0.001,adaptive,500,42,8,"['rdvi_skewness', 'ref_q3_3', 'tex_cont_cv_2', 'tex_cont_q3_4', 'tex_homo_cv_4', 'tex_homo_kurtosis_4', 'tex_dis_cv_1', 'tex_mean_q3_1']",0.7522134468261223,0.10567147764004813,0.7149603877817365,0.12019202381970552,0.7088139810492673
8,"(100,)",relu,adam,0.001,constant,200,42,8,"['rdvi_skewness', 'ref_q3_3', 'tex_cont_cv_2', 'tex_cont_q3_4', 'tex_homo_cv_4', 'tex_homo_kurtosis_4', 'tex_dis_cv_1', 'tex_mean_q3_1']",0.7522134468261223,0.10567147764004813,0.7149603877817365,0.12019202381970552,0.7088139810492673
9,"(100,)",relu,adam,0.001,constant,500,42,8,"['rdvi_skewness', 'ref_q3_3', 'tex_cont_cv_2', 'tex_cont_q3_4', 'tex_homo_cv_4', 'tex_homo_kurtosis_4', 'tex_dis_cv_1', 'tex_mean_q3_1']",0.7522134468261223,0.10567147764004813,0.7149603877817365,0.12019202381970552,0.7088139810492673
10,"(100,)",relu,adam,0.001,adaptive,200,42,8,"['rdvi_skewness', 'ref_q3_3', 'tex_cont_cv_2', 'tex_cont_q3_4', 'tex_homo_cv_4', 'tex_homo_kurtosis_4', 'tex_dis_cv_1', 'tex_mean_q3_1']",0.7522134468261223,0.10567147764004813,0.7149603877817365,0.12019202381970552,0.7088139810492673
0,"(100,)",relu,adam,0.0001,constant,200,42,8,"['rdvi_skewness', 'ref_q3_3', 'tex_cont_cv_2', 'tex_cont_q3_4', 'tex_homo_cv_4', 'tex_homo_kurtosis_4', 'tex_dis_cv_1', 'tex_mean_q3_1']",0.7522135189287874,0.10567146226553403,0.7149232056824049,0.12019986281093105,0.7087759971795996
1,"(100,)",relu,adam,0.0001,constant,500,42,8,"['rdvi_skewness', 'ref_q3_3', 'tex_cont_cv_2', 'tex_cont_q3_4', 'tex_homo_cv_4', 'tex_homo_kurtosis_4', 'tex_dis_cv_1', 'tex_mean_q3_1']",0.7522135189287874,0.10567146226553403,0.7149232056824049,0.12019986281093105,0.7087759971795996
2,"(100,)",relu,adam,0.0001,adaptive,200,42,8,"['rdvi_skewness', 'ref_q3_3', 'tex_cont_cv_2', 'tex_cont_q3_4', 'tex_homo_cv_4', 'tex_homo_kurtosis_4', 'tex_dis_cv_1', 'tex_mean_q3_1']",0.7522135189287874,0.10567146226553403,0.7149232056824049,0.12019986281093105,0.7087759971795996
3,"(100,)",relu,adam,0.0001,adaptive,500,42,8,"['rdvi_skewness', 'ref_q3_3', 'tex_cont_cv_2', 'tex_cont_q3_4', 'tex_homo_cv_4', 'tex_homo_kurtosis_4', 'tex_dis_cv_1', 'tex_mean_q3_1']",0.7522135189287874,0.10567146226553403,0.7149232056824049,0.12019986281093105,0.7087759971795996
275,"(100, 50, 25, 10, 5)",tanh,adam,0.05,adaptive,500,42,8,"['rdvi_skewness', 'ref_q3_3', 'tex_cont_cv_2', 'tex_cont_q3_4', 'tex_homo_cv_4', 'tex_homo_kurtosis_4', 'tex_dis_cv_1', 'tex_mean_q3_1']",0.7902148839161447,0.09723133513930106,0.7124032493466577,0.12072995151190632,0.706201702162758
272,"(100, 50, 25, 10, 5)",tanh,adam,0.05,constant,200,42,8,"['rdvi_skewness', 'ref_q3_3', 'tex_cont_cv_2', 'tex_cont_q3_4', 'tex_homo_cv_4', 'tex_homo_kurtosis_4', 'tex_dis_cv_1', 'tex_mean_q3_1']",0.7902148839161447,0.09723133513930106,0.7124032493466577,0.12072995151190632,0.706201702162758
273,"(100, 50, 25, 10, 5)",tanh,adam,0.05,constant,500,42,8,"['rdvi_skewness', 'ref_q3_3', 'tex_cont_cv_2', 'tex_cont_q3_4', 'tex_homo_cv_4', 'tex_homo_kurtosis_4', 'tex_dis_cv_1', 'tex_mean_q3_1']",0.7902148839161447,0.09723133513930106,0.7124032493466577,0.12072995151190632,0.706201702162758
274,"(100, 50, 25, 10, 5)",tanh,adam,0.05,adaptive,200,42,8,"['rdvi_skewness', 'ref_q3_3', 'tex_cont_cv_2', 'tex_cont_q3_4', 'tex_homo_cv_4', 'tex_homo_kurtosis_4', 'tex_dis_cv_1', 'tex_mean_q3_1']",0.7902148839161447,0.09723133513930106,0.7124032493466577,0.12072995151190632,0.706201702162758
276,"(100, 50, 25, 10, 5)",tanh,adam,0.01,constant,200,42,8,"['rdvi_skewness', 'ref_q3_3', 'tex_cont_cv_2', 'tex_cont_q3_4', 'tex_homo_cv_4', 'tex_homo_kurtosis_4', 'tex_dis_cv_1', 'tex_mean_q3_1']",0.7897997011530403,0.09732750216382302,0.7111005681857628,0.12100306819705747,0.7048709308420595
277,"(100, 50, 25, 10, 5)",tanh,adam,0.01,constant,500,42,8,"['rdvi_skewness', 'ref_q3_3', 'tex_cont_cv_2', 'tex_cont_q3_4', 'tex_homo_cv_4', 'tex_homo_kurtosis_4', 'tex_dis_cv_1', 'tex_mean_q3_1']",0.7897997011530403,0.09732750216382302,0.7111005681857628,0.12100306819705747,0.7048709308420595
278,"(100, 50, 25, 10, 5)",tanh,adam,0.01,adaptive,200,42,8,"['rdvi_skewness', 'ref_q3_3', 'tex_cont_cv_2', 'tex_cont_q3_4', 'tex_homo_cv_4', 'tex_homo_kurtosis_4', 'tex_dis_cv_1', 'tex_mean_q3_1']",0.7897997011530403,0.09732750216382302,0.7111005681857628,0.12100306819705747,0.7048709308420595
279,"(100, 50, 25, 10, 5)",tanh,adam,0.01,adaptive,500,42,8,"['rdvi_skewness', 'ref_q3_3', 'tex_cont_cv_2', 'tex_cont_q3_4', 'tex_homo_cv_4', 'tex_homo_kurtosis_4', 'tex_dis_cv_1', 'tex_mean_q3_1']",0.7897997011530403,0.09732750216382302,0.7111005681857628,0.12100306819705747,0.7048709308420595
264,"(100, 50, 25, 10, 5)",tanh,adam,0.005,constant,200,42,8,"['rdvi_skewness', 'ref_q3_3', 'tex_cont_cv_2', 'tex_cont_q3_4', 'tex_homo_cv_4', 'tex_homo_kurtosis_4', 'tex_dis_cv_1', 'tex_mean_q3_1']",0.7897401446050374,0.0973412892030453,0.7109454142016703,0.12103555629855599,0.7047124312194961
267,"(100, 50, 25, 10, 5)",tanh,adam,0.005,adaptive,500,42,8,"['rdvi_skewness', 'ref_q3_3', 'tex_cont_cv_2', 'tex_cont_q3_4', 'tex_homo_cv_4', 'tex_homo_kurtosis_4', 'tex_dis_cv_1', 'tex_mean_q3_1']",0.7897401446050374,0.0973412892030453,0.7109454142016703,0.12103555629855599,0.7047124312194961
266,"(100, 50, 25, 10, 5)",tanh,adam,0.005,adaptive,200,42,8,"['rdvi_skewness', 'ref_q3_3', 'tex_cont_cv_2', 'tex_cont_q3_4', 'tex_homo_cv_4', 'tex_homo_kurtosis_4', 'tex_dis_cv_1', 'tex_mean_q3_1']",0.7897401446050374,0.0973412892030453,0.7109454142016703,0.12103555629855599,0.7047124312194961
265,"(100, 50, 25, 10, 5)",tanh,adam,0.005,constant,500,42,8,"['rdvi_skewness', 'ref_q3_3', 'tex_cont_cv_2', 'tex_cont_q3_4', 'tex_homo_cv_4', 'tex_homo_kurtosis_4', 'tex_dis_cv_1', 'tex_mean_q3_1']",0.7897401446050374,0.0973412892030453,0.7109454142016703,0.12103555629855599,0.7047124312194961
270,"(100, 50, 25, 10, 5)",tanh,adam,0.001,adaptive,200,42,8,"['rdvi_skewness', 'ref_q3_3', 'tex_cont_cv_2', 'tex_cont_q3_4', 'tex_homo_cv_4', 'tex_homo_kurtosis_4', 'tex_dis_cv_1', 'tex_mean_q3_1']",0.7896949709289252,0.09735174537810375,0.7108099113920238,0.12106392245693816,0.7045740065163801
269,"(100, 50, 25, 10, 5)",tanh,adam,0.001,constant,500,42,8,"['rdvi_skewness', 'ref_q3_3', 'tex_cont_cv_2', 'tex_cont_q3_4', 'tex_homo_cv_4', 'tex_homo_kurtosis_4', 'tex_dis_cv_1', 'tex_mean_q3_1']",0.7896949709289252,0.09735174537810375,0.7108099113920238,0.12106392245693816,0.7045740065163801
268,"(100, 50, 25, 10, 5)",tanh,adam,0.001,constant,200,42,8,"['rdvi_skewness', 'ref_q3_3', 'tex_cont_cv_2', 'tex_cont_q3_4', 'tex_homo_cv_4', 'tex_homo_kurtosis_4', 'tex_dis_cv_1', 'tex_mean_q3_1']",0.7896949709289252,0.09735174537810375,0.7108099113920238,0.12106392245693816,0.7045740065163801
271,"(100, 50, 25, 10, 5)",tanh,adam,0.001,adaptive,500,42,8,"['rdvi_skewness', 'ref_q3_3', 'tex_cont_cv_2', 'tex_cont_q3_4', 'tex_homo_cv_4', 'tex_homo_kurtosis_4', 'tex_dis_cv_1', 'tex_mean_q3_1']",0.7896949709289252,0.09735174537810375,0.7108099113920238,0.12106392245693816,0.7045740065163801
260,"(100, 50, 25, 10, 5)",tanh,adam,0.0001,constant,200,42,8,"['rdvi_skewness', 'ref_q3_3', 'tex_cont_cv_2', 'tex_cont_q3_4', 'tex_homo_cv_4', 'tex_homo_kurtosis_4', 'tex_dis_cv_1', 'tex_mean_q3_1']",0.7896847554884348,0.09735410975067615,0.7107792696005626,0.12107033608823388,0.7045427039854804
262,"(100, 50, 25, 10, 5)",tanh,adam,0.0001,adaptive,200,42,8,"['rdvi_skewness', 'ref_q3_3', 'tex_cont_cv_2', 'tex_cont_q3_4', 'tex_homo_cv_4', 'tex_homo_kurtosis_4', 'tex_dis_cv_1', 'tex_mean_q3_1']",0.7896847554884348,0.09735410975067615,0.7107792696005626,0.12107033608823388,0.7045427039854804
263,"(100, 50, 25, 10, 5)",tanh,adam,0.0001,adaptive,500,42,8,"['rdvi_skewness', 'ref_q3_3', 'tex_cont_cv_2', 'tex_cont_q3_4', 'tex_homo_cv_4', 'tex_homo_kurtosis_4', 'tex_dis_cv_1', 'tex_mean_q3_1']",0.7896847554884348,0.09735410975067615,0.7107792696005626,0.12107033608823388,0.7045427039854804
261,"(100, 50, 25, 10, 5)",tanh,adam,0.0001,constant,500,42,8,"['rdvi_skewness', 'ref_q3_3', 'tex_cont_cv_2', 'tex_cont_q3_4', 'tex_homo_cv_4', 'tex_homo_kurtosis_4', 'tex_dis_cv_1', 'tex_mean_q3_1']",0.7896847554884348,0.09735410975067615,0.7107792696005626,0.12107033608823388,0.7045427039854804
58,"(25, 10)",relu,adam,0.01,adaptive,200,42,8,"['rdvi_skewness', 'ref_q3_3', 'tex_cont_cv_2', 'tex_cont_q3_4', 'tex_homo_cv_4', 'tex_homo_kurtosis_4', 'tex_dis_cv_1', 'tex_mean_q3_1']",0.6816940007796634,0.11976814554205414,0.7022012211119517,0.12285264042293823,0.6957796841008888
57,"(25, 10)",relu,adam,0.01,constant,500,42,8,"['rdvi_skewness', 'ref_q3_3', 'tex_cont_cv_2', 'tex_cont_q3_4', 'tex_homo_cv_4', 'tex_homo_kurtosis_4', 'tex_dis_cv_1', 'tex_mean_q3_1']",0.6816940007796634,0.11976814554205414,0.7022012211119517,0.12285264042293823,0.6957796841008888
59,"(25, 10)",relu,adam,0.01,adaptive,500,42,8,"['rdvi_skewness', 'ref_q3_3', 'tex_cont_cv_2', 'tex_cont_q3_4', 'tex_homo_cv_4', 'tex_homo_kurtosis_4', 'tex_dis_cv_1', 'tex_mean_q3_1']",0.6816940007796634,0.11976814554205414,0.7022012211119517,0.12285264042293823,0.6957796841008888
56,"(25, 10)",relu,adam,0.01,constant,200,42,8,"['rdvi_skewness', 'ref_q3_3', 'tex_cont_cv_2', 'tex_cont_q3_4', 'tex_homo_cv_4', 'tex_homo_kurtosis_4', 'tex_dis_cv_1', 'tex_mean_q3_1']",0.6816940007796634,0.11976814554205414,0.7022012211119517,0.12285264042293823,0.6957796841008888
47,"(25, 10)",relu,adam,0.005,adaptive,500,42,8,"['rdvi_skewness', 'ref_q3_3', 'tex_cont_cv_2', 'tex_cont_q3_4', 'tex_homo_cv_4', 'tex_homo_kurtosis_4', 'tex_dis_cv_1', 'tex_mean_q3_1']",0.6813897326983814,0.11982537493683872,0.7018463963314241,0.1229258075870899,0.6954172081121557
46,"(25, 10)",relu,adam,0.005,adaptive,200,42,8,"['rdvi_skewness', 'ref_q3_3', 'tex_cont_cv_2', 'tex_cont_q3_4', 'tex_homo_cv_4', 'tex_homo_kurtosis_4', 'tex_dis_cv_1', 'tex_mean_q3_1']",0.6813897326983814,0.11982537493683872,0.7018463963314241,0.1229258075870899,0.6954172081121557
45,"(25, 10)",relu,adam,0.005,constant,500,42,8,"['rdvi_skewness', 'ref_q3_3', 'tex_cont_cv_2', 'tex_cont_q3_4', 'tex_homo_cv_4', 'tex_homo_kurtosis_4', 'tex_dis_cv_1', 'tex_mean_q3_1']",0.6813897326983814,0.11982537493683872,0.7018463963314241,0.1229258075870899,0.6954172081121557
44,"(25, 10)",relu,adam,0.005,constant,200,42,8,"['rdvi_skewness', 'ref_q3_3', 'tex_cont_cv_2', 'tex_cont_q3_4', 'tex_homo_cv_4', 'tex_homo_kurtosis_4', 'tex_dis_cv_1', 'tex_mean_q3_1']",0.6813897326983814,0.11982537493683872,0.7018463963314241,0.1229258075870899,0.6954172081121557
49,"(25, 10)",relu,adam,0.001,constant,500,42,8,"['rdvi_skewness', 'ref_q3_3', 'tex_cont_cv_2', 'tex_cont_q3_4', 'tex_homo_cv_4', 'tex_homo_kurtosis_4', 'tex_dis_cv_1', 'tex_mean_q3_1']",0.6809877076216485,0.11990094942998018,0.7016314266011046,0.12297011455824589,0.6951976029159532
50,"(25, 10)",relu,adam,0.001,adaptive,200,42,8,"['rdvi_skewness', 'ref_q3_3', 'tex_cont_cv_2', 'tex_cont_q3_4', 'tex_homo_cv_4', 'tex_homo_kurtosis_4', 'tex_dis_cv_1', 'tex_mean_q3_1']",0.6809877076216485,0.11990094942998018,0.7016314266011046,0.12297011455824589,0.6951976029159532
48,"(25, 10)",relu,adam,0.001,constant,200,42,8,"['rdvi_skewness', 'ref_q3_3', 'tex_cont_cv_2', 'tex_cont_q3_4', 'tex_homo_cv_4', 'tex_homo_kurtosis_4', 'tex_dis_cv_1', 'tex_mean_q3_1']",0.6809877076216485,0.11990094942998018,0.7016314266011046,0.12297011455824589,0.6951976029159532
51,"(25, 10)",relu,adam,0.001,adaptive,500,42,8,"['rdvi_skewness', 'ref_q3_3', 'tex_cont_cv_2', 'tex_cont_q3_4', 'tex_homo_cv_4', 'tex_homo_kurtosis_4', 'tex_dis_cv_1', 'tex_mean_q3_1']",0.6809877076216485,0.11990094942998018,0.7016314266011046,0.12297011455824589,0.6951976029159532
40,"(25, 10)",relu,adam,0.0001,constant,200,42,8,"['rdvi_skewness', 'ref_q3_3', 'tex_cont_cv_2', 'tex_cont_q3_4', 'tex_homo_cv_4', 'tex_homo_kurtosis_4', 'tex_dis_cv_1', 'tex_mean_q3_1']",0.6803912108384653,0.12001299390423043,0.7015232302163342,0.12299240865530413,0.6950870734555005
42,"(25, 10)",relu,adam,0.0001,adaptive,200,42,8,"['rdvi_skewness', 'ref_q3_3', 'tex_cont_cv_2', 'tex_cont_q3_4', 'tex_homo_cv_4', 'tex_homo_kurtosis_4', 'tex_dis_cv_1', 'tex_mean_q3_1']",0.6803912108384653,0.12001299390423043,0.7015232302163342,0.12299240865530413,0.6950870734555005
41,"(25, 10)",relu,adam,0.0001,constant,500,42,8,"['rdvi_skewness', 'ref_q3_3', 'tex_cont_cv_2', 'tex_cont_q3_4', 'tex_homo_cv_4', 'tex_homo_kurtosis_4', 'tex_dis_cv_1', 'tex_mean_q3_1']",0.6803912108384653,0.12001299390423043,0.7015232302163342,0.12299240865530413,0.6950870734555005
43,"(25, 10)",relu,adam,0.0001,adaptive,500,42,8,"['rdvi_skewness', 'ref_q3_3', 'tex_cont_cv_2', 'tex_cont_q3_4', 'tex_homo_cv_4', 'tex_homo_kurtosis_4', 'tex_dis_cv_1', 'tex_mean_q3_1']",0.6803912108384653,0.12001299390423043,0.7015232302163342,0.12299240865530413,0.6950870734555005
112,"(25, 10, 5)",tanh,adam,0.05,constant,200,42,8,"['rdvi_skewness', 'ref_q3_3', 'tex_cont_cv_2', 'tex_cont_q3_4', 'tex_homo_cv_4', 'tex_homo_kurtosis_4', 'tex_dis_cv_1', 'tex_mean_q3_1']",0.7093574741147021,0.1144454398728668,0.6963765227648409,0.12404827047936139,0.6898293857894197
113,"(25, 10, 5)",tanh,adam,0.05,constant,500,42,8,"['rdvi_skewness', 'ref_q3_3', 'tex_cont_cv_2', 'tex_cont_q3_4', 'tex_homo_cv_4', 'tex_homo_kurtosis_4', 'tex_dis_cv_1', 'tex_mean_q3_1']",0.7093574741147021,0.1144454398728668,0.6963765227648409,0.12404827047936139,0.6898293857894197
114,"(25, 10, 5)",tanh,adam,0.05,adaptive,200,42,8,"['rdvi_skewness', 'ref_q3_3', 'tex_cont_cv_2', 'tex_cont_q3_4', 'tex_homo_cv_4', 'tex_homo_kurtosis_4', 'tex_dis_cv_1', 'tex_mean_q3_1']",0.7093574741147021,0.1144454398728668,0.6963765227648409,0.12404827047936139,0.6898293857894197
115,"(25, 10, 5)",tanh,adam,0.05,adaptive,500,42,8,"['rdvi_skewness', 'ref_q3_3', 'tex_cont_cv_2', 'tex_cont_q3_4', 'tex_homo_cv_4', 'tex_homo_kurtosis_4', 'tex_dis_cv_1', 'tex_mean_q3_1']",0.7093574741147021,0.1144454398728668,0.6963765227648409,0.12404827047936139,0.6898293857894197
116,"(25, 10, 5)",tanh,adam,0.01,constant,200,42,8,"['rdvi_skewness', 'ref_q3_3', 'tex_cont_cv_2', 'tex_cont_q3_4', 'tex_homo_cv_4', 'tex_homo_kurtosis_4', 'tex_dis_cv_1', 'tex_mean_q3_1']",0.7049275494784664,0.11531432066013009,0.6914097217469931,0.12505877167999,0.6847554839409984
117,"(25, 10, 5)",tanh,adam,0.01,constant,500,42,8,"['rdvi_skewness', 'ref_q3_3', 'tex_cont_cv_2', 'tex_cont_q3_4', 'tex_homo_cv_4', 'tex_homo_kurtosis_4', 'tex_dis_cv_1', 'tex_mean_q3_1']",0.7049275494784664,0.11531432066013009,0.6914097217469931,0.12505877167999,0.6847554839409984
118,"(25, 10, 5)",tanh,adam,0.01,adaptive,200,42,8,"['rdvi_skewness', 'ref_q3_3', 'tex_cont_cv_2', 'tex_cont_q3_4', 'tex_homo_cv_4', 'tex_homo_kurtosis_4', 'tex_dis_cv_1', 'tex_mean_q3_1']",0.7049275494784664,0.11531432066013009,0.6914097217469931,0.12505877167999,0.6847554839409984
119,"(25, 10, 5)",tanh,adam,0.01,adaptive,500,42,8,"['rdvi_skewness', 'ref_q3_3', 'tex_cont_cv_2', 'tex_cont_q3_4', 'tex_homo_cv_4', 'tex_homo_kurtosis_4', 'tex_dis_cv_1', 'tex_mean_q3_1']",0.7049275494784664,0.11531432066013009,0.6914097217469931,0.12505877167999,0.6847554839409984
106,"(25, 10, 5)",tanh,adam,0.005,adaptive,200,42,8,"['rdvi_skewness', 'ref_q3_3', 'tex_cont_cv_2', 'tex_cont_q3_4', 'tex_homo_cv_4', 'tex_homo_kurtosis_4', 'tex_dis_cv_1', 'tex_mean_q3_1']",0.7047010499226951,0.11535857018608506,0.6911531534349,0.12511074909750652,0.6844933831585636
105,"(25, 10, 5)",tanh,adam,0.005,constant,500,42,8,"['rdvi_skewness', 'ref_q3_3', 'tex_cont_cv_2', 'tex_cont_q3_4', 'tex_homo_cv_4', 'tex_homo_kurtosis_4', 'tex_dis_cv_1', 'tex_mean_q3_1']",0.7047010499226951,0.11535857018608506,0.6911531534349,0.12511074909750652,0.6844933831585636
104,"(25, 10, 5)",tanh,adam,0.005,constant,200,42,8,"['rdvi_skewness', 'ref_q3_3', 'tex_cont_cv_2', 'tex_cont_q3_4', 'tex_homo_cv_4', 'tex_homo_kurtosis_4', 'tex_dis_cv_1', 'tex_mean_q3_1']",0.7047010499226951,0.11535857018608506,0.6911531534349,0.12511074909750652,0.6844933831585636
107,"(25, 10, 5)",tanh,adam,0.005,adaptive,500,42,8,"['rdvi_skewness', 'ref_q3_3', 'tex_cont_cv_2', 'tex_cont_q3_4', 'tex_homo_cv_4', 'tex_homo_kurtosis_4', 'tex_dis_cv_1', 'tex_mean_q3_1']",0.7047010499226951,0.11535857018608506,0.6911531534349,0.12511074909750652,0.6844933831585636
111,"(25, 10, 5)",tanh,adam,0.001,adaptive,500,42,8,"['rdvi_skewness', 'ref_q3_3', 'tex_cont_cv_2', 'tex_cont_q3_4', 'tex_homo_cv_4', 'tex_homo_kurtosis_4', 'tex_dis_cv_1', 'tex_mean_q3_1']",0.7045185496274451,0.11539421156126545,0.6909468418187276,0.12515252950090405,0.6842826227743875
110,"(25, 10, 5)",tanh,adam,0.001,adaptive,200,42,8,"['rdvi_skewness', 'ref_q3_3', 'tex_cont_cv_2', 'tex_cont_q3_4', 'tex_homo_cv_4', 'tex_homo_kurtosis_4', 'tex_dis_cv_1', 'tex_mean_q3_1']",0.7045185496274451,0.11539421156126545,0.6909468418187276,0.12515252950090405,0.6842826227743875
109,"(25, 10, 5)",tanh,adam,0.001,constant,500,42,8,"['rdvi_skewness', 'ref_q3_3', 'tex_cont_cv_2', 'tex_cont_q3_4', 'tex_homo_cv_4', 'tex_homo_kurtosis_4', 'tex_dis_cv_1', 'tex_mean_q3_1']",0.7045185496274451,0.11539421156126545,0.6909468418187276,0.12515252950090405,0.6842826227743875
108,"(25, 10, 5)",tanh,adam,0.001,constant,200,42,8,"['rdvi_skewness', 'ref_q3_3', 'tex_cont_cv_2', 'tex_cont_q3_4', 'tex_homo_cv_4', 'tex_homo_kurtosis_4', 'tex_dis_cv_1', 'tex_mean_q3_1']",0.7045185496274451,0.11539421156126545,0.6909468418187276,0.12515252950090405,0.6842826227743875
103,"(25, 10, 5)",tanh,adam,0.0001,adaptive,500,42,8,"['rdvi_skewness', 'ref_q3_3', 'tex_cont_cv_2', 'tex_cont_q3_4', 'tex_homo_cv_4', 'tex_homo_kurtosis_4', 'tex_dis_cv_1', 'tex_mean_q3_1']",0.7044773273226929,0.11540226054277788,0.6909002917635474,0.12516195447787265,0.6842350689444325
102,"(25, 10, 5)",tanh,adam,0.0001,adaptive,200,42,8,"['rdvi_skewness', 'ref_q3_3', 'tex_cont_cv_2', 'tex_cont_q3_4', 'tex_homo_cv_4', 'tex_homo_kurtosis_4', 'tex_dis_cv_1', 'tex_mean_q3_1']",0.7044773273226929,0.11540226054277788,0.6909002917635474,0.12516195447787265,0.6842350689444325
101,"(25, 10, 5)",tanh,adam,0.0001,constant,500,42,8,"['rdvi_skewness', 'ref_q3_3', 'tex_cont_cv_2', 'tex_cont_q3_4', 'tex_homo_cv_4', 'tex_homo_kurtosis_4', 'tex_dis_cv_1', 'tex_mean_q3_1']",0.7044773273226929,0.11540226054277788,0.6909002917635474,0.12516195447787265,0.6842350689444325
100,"(25, 10, 5)",tanh,adam,0.0001,constant,200,42,8,"['rdvi_skewness', 'ref_q3_3', 'tex_cont_cv_2', 'tex_cont_q3_4', 'tex_homo_cv_4', 'tex_homo_kurtosis_4', 'tex_dis_cv_1', 'tex_mean_q3_1']",0.7044773273226929,0.11540226054277788,0.6909002917635474,0.12516195447787265,0.6842350689444325
173,"(50, 25, 10, 5)",relu,adam,0.05,constant,500,42,8,"['rdvi_skewness', 'ref_q3_3', 'tex_cont_cv_2', 'tex_cont_q3_4', 'tex_homo_cv_4', 'tex_homo_kurtosis_4', 'tex_dis_cv_1', 'tex_mean_q3_1']",0.687119039333241,0.11874312694320767,0.6426037037715653,0.13458543497868983,0.634897045092785
175,"(50, 25, 10, 5)",relu,adam,0.05,adaptive,500,42,8,"['rdvi_skewness', 'ref_q3_3', 'tex_cont_cv_2', 'tex_cont_q3_4', 'tex_homo_cv_4', 'tex_homo_kurtosis_4', 'tex_dis_cv_1', 'tex_mean_q3_1']",0.687119039333241,0.11874312694320767,0.6426037037715653,0.13458543497868983,0.634897045092785
179,"(50, 25, 10, 5)",relu,adam,0.01,adaptive,500,42,8,"['rdvi_skewness', 'ref_q3_3', 'tex_cont_cv_2', 'tex_cont_q3_4', 'tex_homo_cv_4', 'tex_homo_kurtosis_4', 'tex_dis_cv_1', 'tex_mean_q3_1']",0.6752534386607676,0.12097376402814933,0.616609788424558,0.1393938293763525,0.6083426140509636
177,"(50, 25, 10, 5)",relu,adam,0.01,constant,500,42,8,"['rdvi_skewness', 'ref_q3_3', 'tex_cont_cv_2', 'tex_cont_q3_4', 'tex_homo_cv_4', 'tex_homo_kurtosis_4', 'tex_dis_cv_1', 'tex_mean_q3_1']",0.6752534386607676,0.12097376402814933,0.616609788424558,0.1393938293763525,0.6083426140509636
174,"(50, 25, 10, 5)",relu,adam,0.05,adaptive,200,42,8,"['rdvi_skewness', 'ref_q3_3', 'tex_cont_cv_2', 'tex_cont_q3_4', 'tex_homo_cv_4', 'tex_homo_kurtosis_4', 'tex_dis_cv_1', 'tex_mean_q3_1']",0.6463128492338612,0.12624917660487248,0.6142306253427738,0.13982567104355478,0.6059121482612164
172,"(50, 25, 10, 5)",relu,adam,0.05,constant,200,42,8,"['rdvi_skewness', 'ref_q3_3', 'tex_cont_cv_2', 'tex_cont_q3_4', 'tex_homo_cv_4', 'tex_homo_kurtosis_4', 'tex_dis_cv_1', 'tex_mean_q3_1']",0.6463128492338612,0.12624917660487248,0.6142306253427738,0.13982567104355478,0.6059121482612164
165,"(50, 25, 10, 5)",relu,adam,0.005,constant,500,42,8,"['rdvi_skewness', 'ref_q3_3', 'tex_cont_cv_2', 'tex_cont_q3_4', 'tex_homo_cv_4', 'tex_homo_kurtosis_4', 'tex_dis_cv_1', 'tex_mean_q3_1']",0.6578552981027403,0.1241720419039744,0.6120416510373232,0.14022181684732457,0.6036759723534919
167,"(50, 25, 10, 5)",relu,adam,0.005,adaptive,500,42,8,"['rdvi_skewness', 'ref_q3_3', 'tex_cont_cv_2', 'tex_cont_q3_4', 'tex_homo_cv_4', 'tex_homo_kurtosis_4', 'tex_dis_cv_1', 'tex_mean_q3_1']",0.6578552981027403,0.1241720419039744,0.6120416510373232,0.14022181684732457,0.6036759723534919
169,"(50, 25, 10, 5)",relu,adam,0.001,constant,500,42,8,"['rdvi_skewness', 'ref_q3_3', 'tex_cont_cv_2', 'tex_cont_q3_4', 'tex_homo_cv_4', 'tex_homo_kurtosis_4', 'tex_dis_cv_1', 'tex_mean_q3_1']",0.6607055557592738,0.1236537487805967,0.6114666577987997,0.14032568978205515,0.6030885803389356
171,"(50, 25, 10, 5)",relu,adam,0.001,adaptive,500,42,8,"['rdvi_skewness', 'ref_q3_3', 'tex_cont_cv_2', 'tex_cont_q3_4', 'tex_homo_cv_4', 'tex_homo_kurtosis_4', 'tex_dis_cv_1', 'tex_mean_q3_1']",0.6607055557592738,0.1236537487805967,0.6114666577987997,0.14032568978205515,0.6030885803389356
164,"(50, 25, 10, 5)",relu,adam,0.005,constant,200,42,8,"['rdvi_skewness', 'ref_q3_3', 'tex_cont_cv_2', 'tex_cont_q3_4', 'tex_homo_cv_4', 'tex_homo_kurtosis_4', 'tex_dis_cv_1', 'tex_mean_q3_1']",0.6500699774523433,0.12557682992577784,0.6029644429080117,0.14185274357807107,0.5944030292779957
166,"(50, 25, 10, 5)",relu,adam,0.005,adaptive,200,42,8,"['rdvi_skewness', 'ref_q3_3', 'tex_cont_cv_2', 'tex_cont_q3_4', 'tex_homo_cv_4', 'tex_homo_kurtosis_4', 'tex_dis_cv_1', 'tex_mean_q3_1']",0.6500699774523433,0.12557682992577784,0.6029644429080117,0.14185274357807107,0.5944030292779957
160,"(50, 25, 10, 5)",relu,adam,0.0001,constant,200,42,8,"['rdvi_skewness', 'ref_q3_3', 'tex_cont_cv_2', 'tex_cont_q3_4', 'tex_homo_cv_4', 'tex_homo_kurtosis_4', 'tex_dis_cv_1', 'tex_mean_q3_1']",0.6515809173462903,0.1253054266613119,0.6028903049765812,0.14186598694871333,0.5943272926849712
162,"(50, 25, 10, 5)",relu,adam,0.0001,adaptive,200,42,8,"['rdvi_skewness', 'ref_q3_3', 'tex_cont_cv_2', 'tex_cont_q3_4', 'tex_homo_cv_4', 'tex_homo_kurtosis_4', 'tex_dis_cv_1', 'tex_mean_q3_1']",0.6515809173462903,0.1253054266613119,0.6028903049765812,0.14186598694871333,0.5943272926849712
163,"(50, 25, 10, 5)",relu,adam,0.0001,adaptive,500,42,8,"['rdvi_skewness', 'ref_q3_3', 'tex_cont_cv_2', 'tex_cont_q3_4', 'tex_homo_cv_4', 'tex_homo_kurtosis_4', 'tex_dis_cv_1', 'tex_mean_q3_1']",0.6515809173462903,0.1253054266613119,0.6028903049765812,0.14186598694871333,0.5943272926849712
161,"(50, 25, 10, 5)",relu,adam,0.0001,constant,500,42,8,"['rdvi_skewness', 'ref_q3_3', 'tex_cont_cv_2', 'tex_cont_q3_4', 'tex_homo_cv_4', 'tex_homo_kurtosis_4', 'tex_dis_cv_1', 'tex_mean_q3_1']",0.6515809173462903,0.1253054266613119,0.6028903049765812,0.14186598694871333,0.5943272926849712
168,"(50, 25, 10, 5)",relu,adam,0.001,constant,200,42,8,"['rdvi_skewness', 'ref_q3_3', 'tex_cont_cv_2', 'tex_cont_q3_4', 'tex_homo_cv_4', 'tex_homo_kurtosis_4', 'tex_dis_cv_1', 'tex_mean_q3_1']",0.6530385435225563,0.12504304163549487,0.6023285782047243,0.14196628890896565,0.5937534532064435
170,"(50, 25, 10, 5)",relu,adam,0.001,adaptive,200,42,8,"['rdvi_skewness', 'ref_q3_3', 'tex_cont_cv_2', 'tex_cont_q3_4', 'tex_homo_cv_4', 'tex_homo_kurtosis_4', 'tex_dis_cv_1', 'tex_mean_q3_1']",0.6530385435225563,0.12504304163549487,0.6023285782047243,0.14196628890896565,0.5937534532064435
176,"(50, 25, 10, 5)",relu,adam,0.01,constant,200,42,8,"['rdvi_skewness', 'ref_q3_3', 'tex_cont_cv_2', 'tex_cont_q3_4', 'tex_homo_cv_4', 'tex_homo_kurtosis_4', 'tex_dis_cv_1', 'tex_mean_q3_1']",0.6465551305205967,0.12620592785669266,0.5855228475036623,0.14493502058923602,0.5765853347813694
178,"(50, 25, 10, 5)",relu,adam,0.01,adaptive,200,42,8,"['rdvi_skewness', 'ref_q3_3', 'tex_cont_cv_2', 'tex_cont_q3_4', 'tex_homo_cv_4', 'tex_homo_kurtosis_4', 'tex_dis_cv_1', 'tex_mean_q3_1']",0.6465551305205967,0.12620592785669266,0.5855228475036623,0.14493502058923602,0.5765853347813694
